battery,temperature,solar_panel,health_status
42.49630902490082,30.903184136520434,36.175677685573156,Warning
95.06469203572026,44.11221788001098,30.490306973371997,Healthy
70.74538762691526,86.46282177937721,14.430898326667444,Critical
60.23490444028393,27.60857542866631,61.48395328179613,Healthy
13.950262139641547,89.73096364564402,54.57376897851537,Critical
13.74926170375106,1.337915656685292,88.18738154516568,Critical
7.107913418634574,76.81313310753455,0.0,Critical
81.80642615240383,81.62348222168842,62.20878044577463,Warning
55.7797144068442,11.254738783349945,74.42314524562138,Healthy
70.86513042072639,37.771701116151036,73.48264935848599,Healthy
1.991523812842951,9.244633218344172,87.44371523474986,Warning
98.02164894731924,66.35728295108129,74.01155886600922,Healthy
88.86994024549233,49.14445225550022,94.82694967273757,Healthy
21.54745317605508,58.2518451374854,36.54095045483908,Critical
19.977013171714447,7.319302165251164,51.89354939429584,Critical
15.413852178499486,15.288653962922915,0.0,Critical
32.72803728650338,-8.440072157289334,0.0,Critical
50.896470567891754,25.6418018010951,23.538379934574415,Warning
43.40876436195485,52.23791700560232,10.522559281210963,Critical
28.796368144596705,85.02596657143226,28.605391873204134,Critical
64.28421217698003,62.79586107325838,17.83388198149006,Critical
10.019456402079186,38.4360185245326,3.0041242454558468,Critical
22.364748949676695,95.78514672292548,91.64380673002212,Critical
35.9958862381054,70.58690169484548,0.05724792254554689,Critical
47.012592192418964,95.78505499364903,73.86886985334198,Critical
78.97440426672387,48.503065362934635,18.592285228986906,Warning
23.66399092807771,18.60756791728076,90.97122950360799,Warning
52.735561863900166,-6.00252243058077,89.18895577863573,Healthy
57.54991189062467,70.74122631102223,65.28935842262416,Healthy
0.0,4.678095986889891,71.11673642143401,Warning
60.042548487558186,22.920657741353132,0.0,Warning
20.13628937550255,49.66102487559679,100.0,Warning
5.329015950526608,51.50079226867356,84.2541147940349,Warning
94.97351451636662,57.406136972762816,87.54796178902592,Healthy
97.82728407037607,10.113290966526558,68.15866851423314,Healthy
77.79385768889667,33.56837026384233,37.56964295187467,Healthy
32.33108460725352,58.12705363514894,85.15436785805261,Warning
14.678576770643506,94.60013880648222,25.873587225377975,Critical
67.90486259553548,68.81559904168212,57.104682762635825,Healthy
40.62805610846323,92.67672792810481,17.006355397679627,Critical
12.004020403411962,78.74095102603992,95.93435135627107,Critical
42.844538685300414,54.407425035099884,13.332754628225901,Critical
4.449561903451688,12.03424596177418,15.232293158813459,Critical
92.28886334082394,62.22331659321763,56.05834401608497,Healthy
30.90490704153838,56.62381816709157,77.49619043223781,Warning
65.67024405769831,54.918977023144585,60.78704517038148,Healthy
32.39656362338051,39.711501525301145,20.66121930837583,Critical
49.422937810623374,50.85909656463581,0.5718000337131982,Warning
53.60174657275273,22.32841747716222,72.88827444906204,Healthy
13.909889242566111,46.59673972985208,100.0,Warning
96.37409391260616,9.374893833932498,85.54154642321049,Healthy
76.59735487555577,76.80042327891704,47.994399710439815,Warning
94.84749345468559,13.188510336335193,90.6458578472686,Healthy
87.61194440176696,-0.25157413209591073,39.00427505199432,Warning
60.04003393403379,36.05627058092391,52.43104687267405,Healthy
91.18728333548869,61.234784080673776,52.630868145190156,Warning
7.854752040293407,36.61788830180537,47.36834944186238,Critical
19.83937321980361,20.355863170486185,78.13015376481995,Warning
4.644297718004836,51.744613597523866,55.448813729451984,Critical
34.81655519348135,31.961406441799113,33.308544192664094,Warning
38.5057998665587,88.78284438193423,27.004649385508447,Critical
26.085247130020583,91.42134072687703,6.716421473717945,Critical
82.33132857993125,44.629764811861456,59.87059912277887,Healthy
33.53134031883595,27.960336397442,25.571795950413556,Critical
27.01371768803806,71.79420177158708,15.297553350541836,Critical
60.36308445504454,-4.780851800632778,64.62061891319746,Healthy
11.354386215388661,42.9147630368318,66.47643714533444,Warning
79.38372907376603,25.13159111916961,73.21356040935372,Healthy
6.292598378168011,93.68147835426704,45.542178306534545,Critical
97.94717882331852,-7.082657190773583,86.66964067995366,Healthy
76.23075900303056,52.64069591246789,90.81171475107624,Healthy
20.709288457080238,74.00109425834319,79.21505839129684,Critical
0.0,44.18732882894845,68.2460808327336,Warning
84.65765726307943,2.3563181261343686,29.899409492457533,Warning
72.58348278368831,97.72603204664252,99.01979283167505,Warning
69.17210204590933,46.543030275321556,28.233575652729613,Warning
70.31980284973737,57.547279054124516,25.028434937570204,Warning
4.473248734984833,15.979388561553572,42.4886550171224,Critical
35.11857347014589,42.14600671756734,5.016490830464662,Critical
19.327781648585297,40.47022181215585,97.53084835185653,Warning
87.94011348248216,-1.168866648774453,62.25296020896678,Healthy
56.90704373521142,1.8671158418872085,59.72752624768089,Healthy
31.020835970562086,82.89852566791808,67.00337944905381,Critical
6.196197719783414,22.339903776199222,53.40109289990631,Critical
31.85928283446051,9.18196148765004,3.7393346988611262,Critical
28.574085621743436,43.85018261408277,60.71331914118921,Healthy
72.55564714987523,71.80104241498243,75.15355995539993,Healthy
61.60282972268969,-3.651081433182301,43.137759088106705,Warning
85.4099985698257,53.93990804686286,73.52296520939655,Healthy
48.00027945629179,2.182503675780914,25.692392748215113,Critical
14.281056114158638,-7.06873800548551,21.502181213557563,Critical
73.84760255318436,-3.9133555288998227,15.14922820058478,Critical
77.80166391509137,80.75383625326914,39.87848908351532,Critical
54.635611157528835,3.5973248534524473,84.43470711637362,Healthy
79.24036727984662,-2.804881221162677,83.95808182302731,Healthy
50.30672295075194,39.52304852532196,40.268239548562775,Warning
52.67510858705545,84.60130860795313,56.563044360206504,Warning
40.91902247074957,21.03675823683665,73.23618334153817,Healthy
1.0512842923849341,36.95404424808821,28.169096778587168,Critical
11.010803507704106,-5.925803470073568,13.944707158255877,Critical
10.46254196962993,37.85413041306995,98.55932598772478,Warning
64.54476856665221,52.75508254281326,59.267328117220984,Healthy
29.60203260088181,51.75240484738214,100.0,Healthy
48.35990078156195,28.030280792421987,36.81131546447222,Healthy
89.28134755464069,25.402214982133295,69.24020297666586,Healthy
31.46110325753469,3.1221138084543703,28.88924961069636,Critical
39.84052236572509,28.02714155888922,29.439893054803147,Critical
78.27572545813572,3.807912544508269,53.310999082370905,Healthy
21.75203181274818,73.47159317531215,33.91364523912553,Critical
8.481544606718185,94.09013946815112,19.71393711167712,Critical
31.350381113402968,95.82975470369414,23.301142977200122,Critical
14.406420175970672,90.12535291646833,4.1586622419695365,Critical
91.046430271799,55.31170269437497,71.59193330388065,Healthy
85.78864703980769,66.44503375388493,48.01125751867848,Warning
66.29415433572973,20.988428933586196,10.818692448784459,Warning
89.51807597484395,59.087505452125356,20.86448221415114,Warning
82.7290365692802,38.55849830678401,8.988146547966682,Warning
20.03573235353678,43.30833354187484,61.09600792647373,Warning
95.30922728852296,75.50661145766404,6.959280473687546,Critical
54.065949097196544,21.639597746655095,70.06726627408923,Healthy
82.47580261800901,22.762026688597214,4.3878884736006505,Warning
85.25639120656729,91.02190521428261,24.86037741507147,Critical
29.325465437412664,-4.918382366596313,89.20940584064908,Warning
7.402735453262555,43.52565176193704,68.89281095770403,Warning
26.615707004742614,93.06899138798941,6.7403227054601995,Critical
35.053158406563384,56.8421652679555,85.40239181606434,Healthy
80.59454652399114,49.92846842559375,49.30597616435886,Healthy
77.09193851765248,21.02714935286793,84.76585399104917,Healthy
0.0,29.51271578043263,60.69656227862961,Warning
49.60188340856097,84.87348830272929,64.4741568180665,Warning
45.89571359626003,55.43025772513394,100.0,Healthy
23.400664864737394,47.601263822833815,19.467960247654325,Critical
9.487112163381383,-3.0192857945518634,59.57571073230176,Warning
36.95940829955828,-6.571571274175735,42.88449469871834,Critical
94.34446715484118,92.8213538413381,3.419520392377507,Critical
32.432993778197286,32.37248913871748,0.3897060396729306,Critical
48.27104765102064,52.92594968268699,11.919182666861103,Warning
67.33185474780836,-2.1650527701984896,62.193405574525485,Healthy
33.88766833809283,64.41500237031538,59.73279475225836,Warning
97.31759209155864,91.0420997431922,57.84503882255174,Warning
96.47838667515315,52.625473835333764,2.6642357141508475,Warning
29.810507573108552,5.937808902016267,45.49519948623689,Warning
50.88001609305205,52.56146219776333,90.72420930421725,Healthy
21.965133900660643,75.38847520053284,38.828751946032625,Critical
29.271975401361832,32.774519743927456,58.291511292592105,Healthy
0.0,86.4031531207772,75.10304562567883,Critical
58.05852062415507,62.00280340196499,80.97288909014367,Healthy
47.83139390770716,86.92432417857516,52.83344569775474,Warning
3.1578601544620293,55.96214337138571,90.69801799816324,Critical
23.739198247540234,5.425433221688441,38.24022388586673,Warning
91.43703460702224,26.31224902025208,87.78478179715923,Healthy
19.723782211424364,12.039314268795517,22.799019865923587,Critical
15.55949003087185,89.05628893574145,27.0641472494026,Critical
55.65618925894119,73.95535817699988,3.3322003804603164,Critical
94.57696823425788,64.51478041763143,80.37114829828988,Healthy
23.351996238132372,23.592100240900887,41.792835824715795,Warning
59.643182653050445,5.18843472489606,21.381917885625086,Warning
75.25915565396136,71.07141109644837,26.932474500714672,Critical
25.69190585713442,40.46691383582505,95.82974289038224,Healthy
74.98355255525776,15.13858599359233,86.89139166282389,Healthy
37.01040446277761,58.200173365424796,57.027460574968515,Warning
65.89837333363488,-4.2909152874022105,63.89638922036343,Healthy
70.99113468391783,26.39389145252876,53.001803608508105,Healthy
58.714382469788646,38.93979926425014,41.44761223515916,Healthy
7.461414217211919,9.169425987204765,89.79213056403529,Warning
79.17693759952358,100.85582914183709,13.738087931981852,Critical
30.85955224745217,10.484315524803716,43.72341176981275,Warning
15.81090274313338,5.004254893507576,31.472038976679773,Critical
5.4315567990702895,11.197987357072574,48.9602795691853,Critical
55.545713700535686,74.87445262597078,49.064362926683906,Warning
67.53796888645721,38.912243079186446,46.41847495995938,Healthy
4.172825056394546,56.4559619054211,10.240612087577627,Critical
50.90721821147657,-6.186437321215098,50.78492899044273,Healthy
19.810636051550404,-5.622686586715127,25.3029201752382,Critical
68.04172121370206,38.36116814435518,14.360237563972404,Warning
11.799700066237662,80.19634649420095,6.103054123621298,Critical
68.1103886426142,90.09582044448881,79.72656149287978,Warning
38.54855455990973,-0.551695077998747,42.95014645687885,Critical
93.72072484887234,47.44771592841721,65.48163516206922,Healthy
14.293582582833569,87.2158857596865,70.98299196646933,Critical
35.93795456445433,33.703098718588,65.5019159609878,Healthy
11.241129806922855,81.74681770837603,49.59669339982337,Critical
91.36518698142524,3.414705637413389,39.89764949914155,Healthy
86.51116730411901,94.94542211487246,34.039202940742996,Critical
23.959615365400495,71.81301119966803,61.60235694451727,Warning
68.36103457639851,93.27749502290959,54.17317921735959,Critical
79.78263458169204,64.39456742417983,82.13955914044311,Healthy
58.060394486970964,29.272527035660794,90.2731846728492,Healthy
53.02205508238026,93.67165910921861,15.621477708950747,Critical
22.62146466947678,22.615375685875634,13.61383758427117,Critical
11.165498427822326,24.254013630553736,63.92387046643007,Warning
87.53921402116332,68.06596625713945,23.819631174729146,Warning
91.95635783851769,74.52911028700537,0.0,Critical
63.94832409090215,92.54191088249634,89.123265992657,Warning
32.11400503759431,14.271954135931225,20.517154033029186,Critical
36.506861907269766,77.87837872454897,95.91780905440478,Warning
74.23533706408985,72.2005243974774,66.925082445221,Healthy
93.18358481268758,-1.5508695529619405,77.96111415992239,Healthy
91.60708346373961,31.58581513236155,16.017485918103063,Warning
79.46137664794124,21.702567198238444,22.363127579248008,Warning
60.82039176180248,22.99237146452208,48.93364208969268,Healthy
15.759757464027054,97.8587931915773,22.91727490639981,Critical
11.952022776245947,60.0613926898354,26.52469277939312,Critical
92.70320837555485,69.88653816547873,31.78006870867338,Warning
61.936757416617894,97.59122952268753,10.782484881215954,Critical
0.0,32.281284138973604,25.316993705727842,Critical
9.774251469967714,78.16738380401716,80.05903144935728,Critical
66.11391825207167,34.590163938553836,17.13050472352284,Warning
4.422906532053439,85.71144073184719,7.268678002267425,Critical
13.940872440909231,9.999405454556983,63.37776158716168,Warning
54.08754391738555,94.73067135137768,98.25702600766823,Warning
62.181310954205536,12.87742953782528,33.51655732650759,Healthy
70.40041432963079,23.493316334571443,13.556473295954587,Warning
19.215526216995766,74.43035904153442,55.56140838498929,Warning
72.19865472747112,32.7658524591264,89.99255918747463,Healthy
23.420685260514418,57.24573953967913,80.83718186822021,Warning
32.24596691557675,38.340164957860544,63.08370569594525,Healthy
77.07872646641503,71.64856942832881,31.162917918453562,Warning
69.97707728563236,14.217867064675577,49.986450154529855,Healthy
85.67682205924378,-5.505788582251185,13.618634984035321,Critical
67.72652328292591,23.939697043574597,65.91018009821468,Healthy
57.81753494372829,40.96771295907509,75.47131360502286,Healthy
12.420071054601127,8.810108702984266,97.03042324605613,Warning
35.38283116748437,29.84862230600691,22.159384306317556,Critical
29.746408431421788,32.824506581086375,5.602468336894109,Critical
27.73046393485051,-6.094668463035879,55.32446838191368,Warning
100.0,59.01596852796861,74.68508650989257,Healthy
37.32932886466661,86.22223332495078,78.49352148609104,Critical
88.69964261499976,7.9385547420380815,21.486046992382224,Warning
63.832263566067596,59.63780857330679,20.88770556966732,Warning
75.36860421967783,64.70112803390087,49.75844493594836,Healthy
55.04846993477726,35.525929228466616,29.24110100030637,Healthy
57.65355886212938,66.98650183499947,84.92679710862933,Healthy
50.103553044700554,33.51525534453363,48.79145059239046,Warning
17.79328546062284,47.27349453143332,78.14412414723786,Warning
68.26457884804945,-8.058623682895655,60.65350232915172,Healthy
26.265146587661267,65.06036091829229,74.73917623106117,Warning
3.0892092060461493,60.6633450697228,35.92300849398232,Critical
66.56751602897786,-8.418370969429482,87.07093369065323,Healthy
18.196442562513052,32.48053982107304,30.497809960375115,Critical
95.08603048401729,97.93424874499453,53.57731364483976,Warning
94.3817785762146,36.71099095521335,15.024350523554993,Warning
92.97518472078113,43.56809731277788,49.29915315283138,Healthy
41.46436862470216,87.16531119096024,31.441816806724404,Critical
3.6600299802037037,70.82403349465648,23.735164243339366,Critical
95.26048192353136,54.11179249765905,95.02966460819252,Healthy
43.70046402965132,79.57298426763322,20.310686498007463,Critical
92.15601669556816,84.30842305712592,75.32056314390907,Warning
93.22799811703156,39.784052205025645,99.82142347518513,Healthy
86.66557294872753,43.68851649574316,2.6440229009199943,Warning
29.41207205107831,33.930299081002985,68.83057841021981,Healthy
39.82930151961101,97.93280664740256,27.224778617567853,Critical
90.1429374052179,66.09788546573316,8.945518209527041,Critical
33.87030851331577,0.3836317581896882,39.40104338400449,Critical
20.725933285837712,87.14375749538546,92.7922381728562,Critical
55.9641704142472,42.65204946862642,3.0427041516703683,Warning
91.19383038362477,-3.464047021074486,61.54329765728317,Healthy
69.42938118985427,53.15439327459775,49.75652623808652,Healthy
54.591861567779084,34.57917922022462,86.42229522882381,Healthy
14.392534247394197,87.81138752911768,1.7472318899032846,Critical
63.87189589952338,12.322561775992886,65.81857625156537,Healthy
100.0,77.227975811171,64.59303482712508,Warning
17.716231130336713,53.60294416535696,68.96187667516399,Warning
45.772795992804,-9.50857390561314,93.50174064770117,Healthy
89.50172104682352,92.93472701228809,81.45968808407126,Warning
70.14492442250732,47.44233701031333,4.170103833481658,Warning
69.67980700412981,23.050596362830305,44.497755660075114,Healthy
69.31328562130928,40.359592903063316,44.455047180199614,Healthy
37.93432495826636,84.66000036753027,34.90930384417004,Critical
30.0437462933322,18.476483590800974,49.987992864552794,Warning
84.97146706868672,12.608354542478232,40.46967018631442,Healthy
79.20564798512024,4.697288136504154,43.14495564280072,Healthy
88.83457502691023,22.67324811625565,100.0,Healthy
91.81072490634362,75.84697253868032,6.820396967219137,Critical
46.22836907587912,42.86540852386484,89.60946004677393,Healthy
47.39578009315086,14.965173359293676,46.219136802793095,Healthy
79.37988379611102,4.532238951609969,63.94283835069701,Healthy
68.3332704274517,30.99290688518675,80.73198108160636,Healthy
71.58785689844167,95.79328265628487,35.58018395027156,Critical
76.07676447196796,25.163049060993025,38.23662492714236,Healthy
88.57958549761516,98.00337389405671,42.395141024156125,Critical
39.85293503153267,42.903281753877096,32.92179215202666,Warning
37.89196526851698,11.865730144934522,89.75644900009341,Healthy
8.416217258869713,83.7068722266465,86.54449052399114,Critical
59.30323302188606,39.641074515971376,14.44095393725594,Warning
5.884406618420119,64.54257489882268,11.935274516349097,Critical
45.19129677080584,97.63808312135002,43.61394223050481,Critical
55.77218779387197,-5.425713250972669,8.272858731818129,Critical
27.667456722816013,0.7957897113978101,59.59059853588536,Healthy
61.24130886238939,68.04049276288481,13.282435632901251,Critical
3.559104467818794,19.49870357972087,47.69636387329315,Critical
5.1807223560801186,11.512467048037193,1.4793403652327655,Critical
79.98250542746331,-4.760847737944594,31.806128215689903,Warning
33.55520498890771,-6.494064995961317,64.91880856713473,Warning
15.542543179166662,74.83961616219531,53.10993977930892,Critical
51.986136861323956,3.644199846200121,99.64768973075996,Healthy
77.85445953615917,41.21156279278506,89.48590501864764,Healthy
20.662916468424758,57.65097380988004,34.44505812619763,Critical
64.98522790394097,32.76513866062939,4.544663913148489,Warning
6.711316559287827,-6.2300443822726415,86.44474802206415,Critical
4.7613683971581215,76.80344165933957,91.58177813276784,Critical
55.49344159492419,-8.719243488246661,86.8684416962133,Healthy
57.582415258503445,73.50926153777989,12.183631383726233,Critical
62.17171227674061,83.13125554482866,98.27783184452043,Warning
78.4881853181338,36.732684790088136,27.76118078469166,Warning
98.52493302733431,52.48854946291255,68.62654946397748,Healthy
48.50125004469332,42.493975779078525,93.5763784304965,Healthy
33.402803439894505,32.19836837122883,19.666576031294994,Critical
78.36962183342,87.65051128191985,92.74160946588225,Warning
28.385430587756954,89.04223191095498,29.00333725696871,Critical
43.768573327582594,28.257440599947724,99.0710746793558,Healthy
8.06845920479703,57.199912615300896,30.848030876230514,Critical
0.0,92.80967104083243,95.80384606229528,Critical
99.23502515994159,99.17973648907139,1.7556022343454507,Critical
80.12962994976748,47.99799604529066,68.23687543345984,Healthy
66.27112592315481,44.49132901298991,51.02513596059902,Healthy
41.99737548886945,19.342834035434404,42.10268703147974,Warning
22.137964748618487,98.82828506594913,25.731865001779784,Critical
14.585924975915383,4.128226212170219,70.88990173491818,Warning
27.127206784571428,54.48838565873068,15.674395009063726,Critical
58.14268700120269,22.545482485526474,59.6512041708519,Healthy
73.90364558188844,19.669357554448684,23.220552003610592,Warning
65.08611280425208,34.72247316632928,96.31385544536022,Healthy
24.72024954301206,101.68814514462568,0.3873077479766769,Critical
88.86388536930534,-5.374248044243389,13.918047551136572,Critical
73.00117017118967,56.978366921483754,20.13773896219099,Warning
58.96966735682659,-3.6862558655742084,40.06131128418235,Warning
57.79957666914942,10.876674184413856,25.967914800623497,Warning
44.060635785335286,40.354575864618035,50.17450846733626,Warning
21.922641359960128,45.97116329545298,87.66716770436763,Healthy
35.91548559428667,17.661828497624178,65.17625927268243,Healthy
77.90798588890196,23.79622787060373,61.80645649655139,Healthy
0.0,-0.7052190523613939,9.571356887754632,Critical
12.118718092782366,23.257184499769906,69.04095782925108,Warning
3.354990191999289,98.83188082512902,20.03869776106067,Critical
6.188326208711543,97.85512018474215,82.37922876687462,Critical
86.25200990655463,27.23537175637637,28.469446593842893,Warning
70.53530896129017,51.10267601468497,40.96361334198023,Healthy
52.09243278915845,88.96404094093148,32.036590549440206,Critical
11.770334492205055,-9.685961078723935,88.8481602189119,Critical
47.09053191330437,77.11494852654155,8.559282542129562,Critical
47.08958537566328,91.96276800256634,62.406258454471704,Critical
17.092490635762534,4.240085201437331,14.290159579889911,Critical
43.62612364167294,8.36447251551382,67.2969308461199,Healthy
47.424001269559824,94.01582703748839,86.81220711697829,Critical
62.69756548335464,50.76262294115352,39.62795091455716,Healthy
57.40165737645005,-10.795062457724082,49.23031474666012,Warning
2.9020040620535563,16.147495768246102,92.72310668809686,Warning
31.664145200159698,37.88771936744607,48.39137234440813,Warning
61.59659680028612,69.52900677445452,47.69047644528838,Warning
44.35169516882949,70.14188146349122,53.72910411215639,Healthy
83.03421270562694,94.6129524479952,70.69087905412772,Warning
61.307198572992135,24.04636379856468,10.524557710364999,Warning
17.445923242045403,48.59144847720756,80.97584525639925,Warning
7.05849282792962,44.96677425279974,39.68617055512335,Critical
65.15081474312775,33.987611563269304,6.334384189080257,Warning
2.337476888456602,9.649816115876028,77.37408327578233,Warning
54.394664876733074,98.32832028328862,38.648177272256,Critical
95.56358825025997,87.4617204916541,10.537803443856276,Critical
63.314091468396256,43.11109738722623,65.75408426056308,Healthy
40.044630356471835,56.45043673577322,86.55940571284899,Warning
63.051048046282624,13.599577334406009,83.19411643480915,Healthy
41.541087520835326,46.73219195471771,98.73962611069145,Healthy
51.83747801931359,68.21776938797426,83.96244843752426,Healthy
95.5055998473687,47.59491226081981,0.0,Warning
41.82961786047555,99.49872566374124,37.894767005997764,Critical
96.90165490655735,58.10116257376716,82.76106952941386,Healthy
92.93472606472432,29.436162679761757,35.03279138270337,Healthy
21.70214821101137,72.92533286310581,58.53877259356623,Critical
8.455733261674299,8.826171018319346,59.458615784156535,Warning
8.102379351958897,34.61916231251254,40.75215145686173,Critical
2.34395310108043,31.381638812441533,90.43935846545436,Warning
6.899162663946425,39.08964587547036,47.41894602022637,Critical
68.35296420051,76.05412970569608,43.60507052304118,Warning
8.111455439223635,43.79860139677469,98.99872202744247,Warning
36.933914451536694,77.36477724790664,50.06361020934569,Critical
80.55833517384256,51.361892665986396,19.291765678756676,Warning
3.771716466556503,27.676932568752175,51.67941809788545,Critical
85.89055803376436,76.42800817000499,78.87605349924173,Healthy
30.462020774856384,15.963709308633996,76.4142087911458,Healthy
14.315319090640749,17.95433799917014,81.05990015644097,Warning
71.4368012420185,47.14104009159863,67.36410251843189,Healthy
66.78928814731465,16.84717868735672,24.024522727436434,Warning
84.48476684836818,-9.145284294650772,88.00079715766721,Healthy
69.34932438247785,59.64397537935869,91.97019081753204,Healthy
80.3290906170891,46.095292825609356,18.836523548580757,Warning
21.71997094641552,41.089175227296856,11.811943223426944,Critical
21.435891790506318,97.6725524846345,93.59414303457999,Critical
78.72362075057215,57.80019839741117,88.40931613321807,Healthy
79.38342226147283,87.36242836184744,93.27995377643504,Warning
97.9382024100858,5.747526744723001,96.33310063823859,Healthy
41.04472526569064,53.96701089250363,55.32802095392697,Healthy
37.357870530597175,85.07287259203264,64.48753471164802,Critical
78.02281783178255,51.88662480661579,51.77685337391144,Healthy
35.755050345936695,71.5931127505452,0.0,Critical
92.55785350133104,32.94277541320611,75.08118628449677,Healthy
88.67085509473456,-0.3126615551106018,57.584220694050934,Healthy
44.237246068877745,40.91690393784054,68.58334416799372,Healthy
73.26621644153182,35.87461136704394,53.61367330489492,Healthy
79.45962541188052,87.06932291409625,49.91794068341934,Critical
6.2376159252258,13.913280756272549,18.257480428617647,Critical
89.97879323549225,96.82800507184153,20.600129559280962,Critical
53.42598944801212,95.05993012751784,18.172800936687572,Critical
80.47652729603773,19.46548213613562,17.828607853806794,Warning
32.93362704336263,30.347800580070572,95.19255600224282,Healthy
91.1823416406172,91.14834715248344,14.341573718074022,Critical
36.338596269472596,94.09265562113141,25.85602896216772,Critical
0.8663319892477308,37.210078243852365,56.90605899794351,Warning
90.06868615129873,27.537839892769636,61.05947384019211,Healthy
7.473454123116477,46.68704982698473,13.722580185758746,Critical
38.836388315193815,62.61174673840221,79.67271144578967,Warning
92.71687764474407,21.147389666475906,74.0587533476324,Healthy
98.07550557595927,69.91761232756606,23.089597108493056,Critical
56.16538576168519,-0.7381091767726851,25.577743498487294,Critical
59.92381265032408,-3.9852366879372645,91.8744385904561,Healthy
45.152994927297186,32.8121661392933,82.9973411270484,Healthy
31.268357322968956,28.143563343447752,64.96771046198751,Healthy
35.627983262188636,27.901324358240693,5.756100019243641,Critical
71.93864093966906,44.72928281335974,43.53330124476658,Healthy
84.0731918135733,24.463695017960422,51.6906536820853,Healthy
79.90944698385164,9.560203618279218,24.074730219214118,Warning
76.97253775797923,23.894704290617668,48.435882079214394,Healthy
10.47923328525371,95.28417633481622,58.61900649551216,Critical
48.643391619038674,37.28023075279123,30.376038948184735,Warning
8.533774391221119,35.30172134636847,78.70030160505516,Warning
51.06139534327639,53.14092083795926,79.70257139279907,Healthy
51.258053764539014,99.3877516157408,26.35451876890978,Critical
91.33856256015652,17.260379248153246,82.48771007708801,Healthy
30.03948920181937,63.50646621253638,9.955510310794928,Critical
9.57961493581567,70.07883370300276,84.05619153532622,Critical
16.7474113376254,55.03360707046544,13.430821318408006,Critical
79.68009534026159,-0.3011519529627719,12.114555439397446,Critical
58.005093449930214,65.75963348499413,59.692121468649475,Healthy
12.251345163577872,-2.0237562270344713,43.778950170655136,Critical
2.568660993513973,54.225613427649726,92.2489679097177,Critical
69.82890554949886,73.74891852752042,32.8339774521735,Warning
10.612441162728972,13.380077111165615,25.11426498717092,Critical
80.53145873872667,84.06441165158346,50.44355499104133,Warning
66.10345581823559,-3.602879378023036,42.43405071591804,Warning
8.573522453322655,85.05445609996289,34.043551337956764,Critical
6.669614808612758,42.87645438336625,67.27456019085959,Warning
100.0,14.32003325217984,73.3711922812726,Healthy
34.77110027895785,6.303466191157499,78.99148072897884,Healthy
34.74630403772979,95.2909815831896,97.7043499294983,Critical
75.21694976312152,-4.425434301629589,22.92404923691166,Critical
95.2346918715403,12.505763777961906,71.1046216384046,Healthy
98.1173915674573,28.773180185111986,37.88950885452883,Healthy
71.77266451367394,59.393292108766886,67.08867301901117,Healthy
38.207354694392855,49.67212542994403,47.14914291288225,Warning
11.431282571799294,2.297873051826837,99.95819502954795,Warning
77.06798776248682,23.183090377554063,70.70693567460067,Healthy
56.64492582304643,13.636150244958152,98.97721948125255,Healthy
43.24213467345312,16.40735226565049,77.95475476555184,Healthy
87.02244902793672,34.763040890388595,89.61032776075542,Healthy
17.28950569273792,67.93451612919459,83.9506126507001,Critical
47.849960938719065,15.036938850459098,47.34623069659895,Warning
3.1037130823227193,31.516052857016337,22.25433860510265,Critical
49.17371003109977,30.182948352624383,34.60728106608815,Warning
5.21154218683648,99.05839139898364,0.0,Critical
13.702176701986097,95.61960691345013,54.196999638459886,Critical
12.490082343159655,76.74461133361113,48.28600884149434,Critical
60.668110939924134,15.083147388218542,53.29041574741917,Healthy
73.60766982279206,-3.184001614030025,98.19602673943425,Healthy
56.49922380265378,22.26197177604774,98.25058075019005,Healthy
94.8320197234158,22.791935219695446,17.111031612415907,Warning
33.57504841886049,48.62414066639001,34.454820111337526,Warning
31.950509778424163,76.45347050940913,38.01516716012699,Critical
91.66589078278626,83.96872644399019,35.22573364125154,Critical
25.29359277994049,82.54083341928114,79.49233883310934,Critical
100.0,31.08044314688539,45.771668404587025,Healthy
0.18154295795716568,69.11143157967902,55.068419216283466,Critical
95.0791121658058,23.27096824847072,86.19341352727521,Healthy
1.980230054622477,-5.53556232937655,78.99574833073734,Critical
91.04650613867878,70.2674607635142,16.12702363914748,Critical
53.45130006806244,-12.493246392492239,66.71638907420187,Healthy
99.06481447713476,32.99302300392845,45.57426135066321,Healthy
11.265102106125916,25.738003838206623,32.20655953082791,Critical
56.60025250157811,63.150662301463704,7.871371517743244,Critical
94.41428064934814,76.51130012925488,44.02738688058196,Warning
50.267057929607795,25.16422049785142,36.48732646002529,Healthy
64.9858437112887,78.12938513450325,23.145041612075538,Critical
72.7000674564255,24.89007189389821,65.24874563374705,Healthy
47.10914717354523,41.994484455329385,75.70693555663757,Healthy
68.4464742520226,69.7456966749746,21.76401792724005,Critical
63.33645268950428,65.31988885959073,7.706995072426334,Critical
91.43890855365117,103.12973600982697,86.41446008556422,Warning
2.0288960557012805,16.210036307920817,0.0,Critical
24.166356424027732,63.367619795291766,91.53858545065441,Warning
93.87900317261172,59.79210180361474,61.61989512142072,Healthy
91.28601872834011,91.26469126390934,31.967448078178336,Critical
51.0456165165071,6.188594409097879,27.666925782084963,Critical
63.26560088338607,72.85811751553773,2.9729134058894235,Critical
31.244286680806976,54.58685636420398,23.701317608012236,Critical
18.076193513812722,16.228874543971166,12.990883602029344,Critical
48.238147869680866,41.61177907731071,55.89655996849215,Healthy
37.8052932910368,29.48154047484097,20.5305517377583,Critical
52.426828357529615,52.70073750454366,51.52169396006496,Healthy
6.533147289368952,90.88228431047605,63.67616295572585,Critical
100.0,55.45303592406185,30.392497711086957,Warning
99.44447945486998,59.35840778494635,9.582347527736204,Warning
66.22662625752172,45.92518457284004,5.544352661518559,Warning
46.319269507229976,-4.94651203929692,0.0,Critical
29.855419392726755,20.943670240373237,72.069220272871,Healthy
81.16474489201322,47.86903913139559,31.29356559941392,Healthy
65.8213484059029,24.376663155531,77.00866993544139,Healthy
16.690948745573113,8.777688650490546,42.042099932738786,Critical
92.61187869108294,45.68869468219074,41.198992607250055,Healthy
84.26578580449561,25.996731132497064,51.30542409425474,Healthy
87.91223455439544,15.905123273856912,72.01538148454321,Healthy
68.62909554541164,41.19847845687241,24.33795836135235,Warning
60.42765164851478,7.306077038662506,17.979497833798426,Warning
43.54082302217428,88.45331727586186,55.79627330298752,Critical
94.74055037605143,87.10039870139079,30.247539725905188,Critical
88.02199879367086,70.58786037156844,39.36051346690809,Warning
3.371613184712145,0.5624063445414476,64.87449950192205,Warning
1.6537971377953182,78.73484950804834,48.631108515687,Critical
35.46134888253974,77.4946319670954,64.37700443194362,Warning
83.35991546250084,75.33627327229796,53.98988941644688,Healthy
95.96614656827572,1.9227022137892662,70.39848084680374,Healthy
17.591798295921528,60.215882563128915,75.60581665969475,Critical
60.03663124962645,80.54112939291774,54.72586381938348,Warning
37.95395222773669,54.906025095887486,67.12797595117561,Healthy
95.02130858213091,62.80242219055268,87.8498758216105,Healthy
80.14526673007849,40.291138337739305,44.64925464850184,Healthy
81.88991220197964,45.437868759901235,36.98973743319906,Healthy
45.87929537362237,-5.412205248041447,76.89764474512644,Healthy
34.374877299022764,61.12996113588269,56.905013284317725,Warning
26.74864172706663,-1.4742366047453443,8.62257797914811,Critical
8.410621769170728,41.586067951786184,86.9906557952893,Warning
88.17389134180694,19.064202213613555,1.264204658472766,Warning
79.80148328578323,45.562507102781304,79.82824891666648,Healthy
100.0,3.214127108157438,79.5721505430777,Healthy
97.99518999912453,67.5016232852479,85.42442498829112,Healthy
55.989452760269835,75.33957978726406,8.88372678762501,Critical
81.51906498928315,6.007047634695064,59.464729999675825,Healthy
97.38206939611743,3.376482281063346,40.65951087400826,Healthy
86.5271219848194,6.931798952205006,30.04177127883125,Healthy
23.25615543716861,87.23815362809198,6.184503145067337,Critical
47.30422870984387,49.66367663213024,54.22560413285567,Healthy
7.855310661030339,40.54832365427952,44.52267481641583,Critical
94.64804227989957,0.9803319531425873,6.391646831884499,Warning
62.36859770455985,63.07071928838865,58.127810257176606,Healthy
25.085544192489525,82.79018154689749,74.76549359049092,Critical
69.17972191123289,76.81500593278273,76.87810055107722,Warning
62.697316113418665,57.999449640632434,92.20488818089831,Healthy
35.22909686603241,0.14240540981548144,40.74796467124756,Critical
12.969687129442368,2.8747923873350323,91.38723887027932,Warning
64.29873643752106,-2.8614284096732554,88.02626327874943,Healthy
49.49673830049958,14.290125193325292,26.63608926576916,Warning
77.41704320294481,5.5537550042885355,17.86814664091265,Warning
52.53594303932558,19.913013437052484,40.04117960393046,Healthy
79.74130449616007,29.654791283864416,38.127440916386085,Healthy
56.556123020297115,95.45222142891801,56.48775561141669,Warning
58.4119822872968,56.91832878297454,60.36183763594565,Healthy
87.43350455343563,87.98978982833786,75.5266901943797,Warning
47.471685471091675,63.78419294056307,51.048998787013794,Warning
11.352717526118514,5.113573093278994,16.13927044924247,Critical
1.7950061411732887,70.16292850808222,80.31818407163517,Critical
74.32852484898028,17.026573542623602,27.86132539041705,Healthy
61.80239230147341,59.24795288228772,93.88618059654223,Healthy
69.42180237102349,28.060775583403665,6.474053938210193,Warning
17.075984517076456,101.8188822982426,93.66655868459223,Critical
11.997502669967549,22.434591320909913,11.164488179641817,Critical
1.1616044794659646,23.54813796257835,21.328671599158692,Critical
38.744472126845686,90.44318407045482,3.65898529269523,Critical
65.59849850558204,-5.028786105472273,65.34365018025865,Healthy
43.2308262035252,67.4183585802934,82.64029693169815,Warning
41.421355113355084,68.47669693908861,42.02201203483529,Critical
88.32844061749634,81.57782232818896,94.7794087718843,Warning
34.34756096980198,95.76863885134284,54.00515798180529,Critical
56.75262558254184,97.39039579110468,61.63568730748891,Warning
77.86902911756862,-4.278872432277211,87.80237426028367,Healthy
35.67175576051472,78.3463373563844,28.3447706483141,Critical
60.70513861192825,62.05233095787749,29.079887890406543,Warning
88.50753888013277,62.4650958775593,94.43271925150901,Healthy
97.02188319645246,3.743297927433205,92.30104043149137,Healthy
14.106698093428825,64.2558909168938,100.0,Critical
94.70900653682953,97.55222269314704,84.95248070393093,Warning
42.39211270031333,89.69449355908809,17.27457078087773,Critical
26.135926534993928,39.62535065322495,80.05260035836514,Healthy
48.49563188793202,-5.870574108416296,39.45553097829871,Warning
95.5046677030841,30.02187935807482,96.97180409661777,Healthy
46.7527937897981,75.86205733482295,50.06890797874573,Critical
27.2758165704604,67.19831593064421,54.84421319270617,Warning
68.10977221610466,36.87341024039269,54.42271462344273,Healthy
21.85409994675461,-6.380732274526321,32.40140605448089,Critical
8.309462644452726,34.28777498305228,7.217082878213055,Critical
14.699723315515046,39.50757706189953,86.72477084895326,Warning
17.340787743201602,91.04340089909044,85.70400301455199,Critical
14.72857602927253,59.546486162946564,9.562497170451241,Critical
12.264427883605759,25.610371240525627,78.91358905711134,Warning
64.60667742603312,48.22978471784875,63.71463638138284,Healthy
22.040249269541345,-6.536064997198364,44.37744765021951,Critical
34.05621073818397,97.14909519656466,29.566385006694105,Critical
86.81423374584895,30.243099705546715,85.56071255197293,Healthy
42.77389060134115,41.90827600793902,71.61000884717957,Healthy
63.09188169828705,28.95946521224808,60.068612078271215,Healthy
19.825161612382978,65.45691056357613,60.76132308907965,Critical
18.267028451946643,64.3747366115264,5.9073177830225685,Critical
2.264298896885755,65.53569418327945,46.23857175302093,Critical
14.745604637664629,19.007121180031994,15.456091282726799,Critical
28.114171483796408,27.740205124162713,21.953818333866707,Critical
16.98268314637793,6.610958037178788,69.32376485310859,Warning
8.050856944547803,63.807970758623945,90.76249070722619,Critical
16.111558893492298,-4.5486666251668675,35.51278089947373,Critical
50.69192564885748,59.05432640438467,23.83987980639207,Critical
15.803306821852262,89.50224333689305,59.54579683896808,Critical
37.40976429823642,87.73337633576598,82.48084030126265,Critical
48.01114078962151,37.455288754119145,74.29686494976492,Healthy
68.29472952135325,39.982821068189125,87.63107879068521,Healthy
4.859049139489977,4.660001158426016,54.922209597355,Critical
79.30288014011151,60.64544011328354,74.98920578077967,Healthy
63.481418590973675,79.39745796195417,19.28658723129822,Critical
10.194813812982943,14.08667370153317,35.02296655956875,Critical
88.24159281229869,36.59262470542489,42.05892075341105,Healthy
90.14673114067845,79.86694498639,53.49043831688755,Warning
4.220197164575403,86.26574939718445,89.02901482906877,Critical
23.368648924866267,12.849607509027335,86.92046456036087,Healthy
78.05836708674398,51.79801112971937,19.82251076876151,Warning
80.71217412406142,13.618937082876926,15.76591262642555,Warning
16.076091213351997,0.43877681122430245,33.740193385821065,Critical
17.354795896339567,89.95299513896393,29.586113333498457,Critical
38.006993864672516,79.9290110040694,60.07153552784607,Critical
48.12120424122655,73.96566054879919,87.89649103794778,Warning
61.23869744248192,-4.71204410448741,94.77930398436592,Healthy
41.11850185621351,84.34640110298972,69.65632426762852,Critical
47.90085163998988,40.650926616494104,83.40606406567596,Healthy
73.15711501826523,26.03532111756019,48.535994924815576,Healthy
2.39489253628445,49.49374272724281,16.297455071739478,Critical
23.735934892685023,1.8520955974406308,59.089256005511146,Warning
73.959177453196,70.38778233264581,54.8382570354628,Healthy
88.59624088036053,50.126415894021406,75.54949192425191,Healthy
45.78828370420416,10.977542561845384,19.67416729171608,Warning
53.06638949032853,11.698234796736,37.79399611648742,Healthy
6.106123130593818,8.822751297086983,40.780735876261225,Critical
51.293928487610174,-4.887039477528171,93.98717002288522,Healthy
50.36472290396062,53.13744478740353,45.77025637251764,Healthy
23.761456067399774,80.70444905604703,71.29215790214349,Critical
27.698931299041508,-6.688204820178054,81.14973649254428,Warning
36.86244182842457,-6.970486027155188,27.360026271057862,Critical
1.1370285733740588,52.473684712697334,55.94858740411634,Warning
33.47339841680046,78.33385305743604,88.53666696200632,Critical
25.7234485760433,23.030700010747267,45.989657422151936,Warning
35.05226246324336,30.197940218342982,93.13503524188413,Healthy
16.41175481764575,54.55846428029828,14.103337505367179,Critical
85.91287074970899,20.540297964497682,7.122013381112806,Warning
60.31133325517095,-10.089231491056765,88.72575127265779,Healthy
68.3759700706238,69.39125808366262,86.2341044080031,Healthy
79.97039773576402,60.33366618494985,97.6895563540599,Healthy
53.972915804812445,59.05770280781312,65.62623986881954,Healthy
8.029661359366207,67.63282206031991,93.64546783335602,Critical
52.49414408219251,63.873176541245265,77.85779815413964,Healthy
60.286054194343905,13.471579895902327,84.87290287461244,Healthy
69.20933923573546,27.540714857290055,51.32869926686166,Healthy
42.455398475601406,5.571159558636998,41.59891573816348,Warning
12.355437211700018,2.5508061346462862,95.50861712131051,Warning
25.61651473095167,64.6892274196526,40.43315993231741,Critical
39.47940667393324,83.40186795907809,55.86535076498102,Critical
61.405003181130276,98.33944639063483,44.94597338528042,Critical
56.6702113217998,57.76545392436766,53.45480070276513,Healthy
36.48914426575353,9.547397977132233,40.98187942754545,Warning
100.0,3.512916074376688,5.7460629082269445,Warning
60.545812631046154,77.35752955085762,85.82197305936477,Healthy
26.53113995598408,53.80071251312707,47.72429060066521,Warning
12.280033453871756,54.36628362413598,58.936466052380425,Critical
15.65628658694063,73.78496284575986,11.820032186306753,Critical
21.327232613630446,68.1247576023513,5.732300997535328,Critical
11.764394743242523,79.80901279509817,26.258348842173312,Critical
18.976218609388138,-4.90561626306095,59.4933436680227,Critical
26.88142624767687,73.21344284621141,8.46027770491526,Critical
20.095142804519355,82.43543102313664,86.73647706260952,Critical
91.91411201693825,23.120538816847294,19.10286312245753,Warning
7.469541582853072,60.88052571422994,20.02516423242197,Critical
48.97800018520166,25.429193245915936,19.21294168791219,Warning
42.57188934778797,97.858748510547,2.1822685234771955,Critical
95.1840133524552,-5.683760906866455,80.41416607751788,Healthy
8.92849844801264,56.85490740256375,89.41324825705185,Warning
36.8473126899287,10.137914741522305,63.1405110489964,Healthy
96.53154026171703,67.29731770981854,19.42447513738605,Critical
90.06128959160972,11.934227326095371,32.38819625226568,Warning
81.6920844842574,16.419890850625222,46.64384010692358,Healthy
24.460626627210896,43.59142979771238,94.56368535612451,Healthy
12.51191394887085,91.18861589029837,19.01841712285669,Critical
68.52069574663263,15.51323458505732,76.33308252341892,Healthy
90.59638509497269,6.776492511475831,43.714045061954565,Healthy
56.02884215886726,77.13223716904618,38.585551954516,Critical
56.09861309924006,47.241209672530054,44.374995626924004,Healthy
30.512441024826728,91.34268242879918,7.386406142373459,Critical
76.47758414310803,4.075465122100335,81.50825195386149,Healthy
18.527595792183185,60.692603204514086,21.024492879330577,Critical
33.82516508279075,15.760034356201356,73.61685546093473,Healthy
48.86446440843123,8.636910154115819,6.9388214409910285,Critical
53.42637865952116,66.45190174984414,94.59879104753809,Healthy
23.975154922462195,55.64438901039723,22.819310416798878,Critical
11.493276445766218,73.27172025061077,85.56296146697608,Critical
59.487425863189955,25.481797199232197,81.7720273007901,Healthy
26.013068213466493,37.559709750780925,100.0,Healthy
56.46556978106226,37.99291603484574,45.66920082670607,Healthy
13.119824636284404,94.15550726598963,71.84907143651826,Critical
50.074115336869404,25.05820420567673,44.106979394193885,Warning
50.045358681551626,22.339525161294034,19.859996997437552,Warning
9.181985366382824,31.00546259969,42.78900086341703,Critical
35.916566970248546,52.83302981052059,18.98277581908092,Critical
13.50297288200043,18.44757069083358,96.50018162386532,Warning
6.338452881671979,91.79040239377318,4.929901341591425,Critical
97.32417931015087,20.843520713464542,63.038264181057556,Healthy
33.04563773151559,87.88206881844692,59.33720773301255,Critical
84.25172197508925,3.451855262176785,61.1630921623973,Healthy
23.354596089608943,60.05295601680418,64.75059144479674,Warning
63.550095955636735,89.75774588155456,18.017871545874662,Critical
78.13244075353889,10.234378072349802,51.39583921496893,Healthy
60.536971983515826,98.50600077014983,31.797737871534913,Critical
43.7970224506923,40.73874734222909,95.51678514905961,Healthy
38.9839173019845,93.24187705260123,78.72040402063803,Critical
32.30951383214911,66.24362035604257,100.0,Warning
90.77931761767985,21.835823207853164,2.262371547175439,Warning
82.09089251664935,14.21609588837953,24.586785992061877,Warning
95.703049153809,23.241513289761603,19.38950547281725,Warning
10.477341383349092,-2.8473363695176723,1.7845495039384522,Critical
70.81225606186464,3.43610936173317,22.817039161165628,Warning
93.14769265034563,1.599935711872101,68.71026026252248,Healthy
18.626381221144698,36.803440354223454,24.097768806981076,Critical
5.700737127583215,81.45293475823671,48.17026520863023,Critical
77.58806599902982,3.475192288568969,89.96672534157126,Healthy
58.97157446125355,4.414172047564809,68.57415596382359,Healthy
79.41034010525111,58.65834163274228,37.36296428999308,Warning
15.54842095887051,10.704818310060482,39.60901930588281,Critical
81.34336313374577,4.105048252127752,43.24260776576784,Healthy
18.85852710040188,6.080671156301557,16.334141336276456,Critical
11.880001524660983,92.78453839458103,63.61622929215878,Critical
16.4507800713327,81.14765252340977,40.53821677242327,Critical
81.43434606869148,28.898759006343937,85.81488715937726,Healthy
63.15478336002043,63.17915765239668,77.24013100320563,Healthy
47.95288482813212,46.78028333959762,60.158388801226515,Healthy
35.62038777298993,67.79631399868914,36.18475339182258,Critical
87.02082250515835,68.94351776115057,20.84655146678966,Critical
37.992714646296356,59.25495105211785,78.49510511861337,Warning
81.40971174291803,24.117362800331055,47.753007179963866,Healthy
40.605161735560884,-6.507349579189847,26.495003474164378,Critical
36.38998110389242,40.91321000662453,18.397962788494198,Critical
47.867953658803685,90.87090544352644,11.418367044519801,Critical
29.087877175360344,51.72668951659753,85.94450943366955,Healthy
69.74502060224745,78.799916469451,21.916612457199914,Critical
48.8539621760772,95.85524359449738,56.60373571379379,Warning
20.010794124161148,12.119435583015708,49.369008623184925,Warning
90.75886621684204,65.03749100434051,60.796732859579535,Healthy
39.345634347462415,63.800819580165715,87.12140837832722,Warning
49.378962236140765,95.56957105276851,87.63479346779609,Warning
92.92425000820127,100.31275929346641,41.284076554571186,Critical
59.087240687563536,63.97152757120507,7.50706839492716,Critical
16.367350942283462,15.815101062718725,40.08896257688231,Critical
93.83688356784566,78.44018303319822,59.85765085419141,Healthy
59.031624811524296,-0.35488709127695284,56.07343537092693,Healthy
30.064603253630565,75.51975891985072,64.81129131550966,Warning
14.97149314170076,92.92599283492315,13.436953400428166,Critical
78.22861925733447,32.968182219561605,68.83652703423732,Healthy
61.71731386399693,59.63096703299557,21.115999724842062,Warning
58.18444989572327,37.74542994957862,76.01853968265198,Healthy
87.29152611240853,37.37588585674101,32.71010215827775,Healthy
79.03960969554021,28.133102441403057,74.18237095367877,Healthy
19.427021435394277,72.20994398846757,3.3931539922780125,Critical
31.983747205954025,93.40127438224344,45.49717808010478,Critical
20.029105775372557,93.71264564847634,70.83711497278357,Critical
75.91079629246411,11.24346635050899,26.376396214067558,Warning
0.0,88.42814933980954,79.1872435011715,Critical
61.20939107333054,71.05342094800929,63.29257285661603,Healthy
73.77726575907512,18.393447062157918,62.432440399355826,Healthy
96.58509219941195,-1.9416230708055022,41.936660875847046,Warning
38.61030283657379,14.935416046140361,52.9262474906264,Warning
79.73589275831735,87.16492684101227,62.36633395591886,Warning
11.123215110525555,58.43952685709101,49.014061690361835,Critical
86.90616201835222,68.19281534601217,68.31048632327713,Healthy
15.099847655878365,15.88819377807228,44.255382534012256,Critical
41.05573783596532,70.6318622559775,17.488170622212838,Critical
83.48601368885369,-6.902397467393442,22.520724681159045,Critical
14.62283589497427,30.855958940257842,1.90052886637483,Critical
21.82498651753605,56.43055779064166,24.213236131462672,Critical
71.18466487553279,5.9815324810556465,75.00797987542708,Healthy
74.57877335052382,75.2770236771656,80.66089558102827,Warning
65.21030640943766,15.527530247699367,19.995624638157935,Warning
70.26869544378077,61.8772897476446,96.97854620371048,Healthy
56.658147082531165,35.05551565192926,46.21511261794373,Healthy
19.02674866713371,52.43659197558263,89.3702819851695,Warning
35.4998058220174,2.2691942625628436,73.78134267565491,Healthy
18.81547834676371,-10.22245454835228,72.24505729917863,Critical
95.85148037726495,88.42714734724846,9.523999074551838,Critical
53.75341552982104,21.095163736035435,20.35954920756733,Warning
44.75670157349426,84.19269775256998,0.9399653992778325,Critical
46.42680775118727,100.03125056954738,64.70672750726816,Critical
96.19530255316167,11.623247462599762,36.981864658113295,Healthy
20.36289667443615,19.546122425189115,84.08905012449209,Warning
60.30526700569644,64.7926349548115,30.6985693460587,Warning
51.78997275683428,97.44134493781381,79.1123786673574,Warning
61.872297100871734,96.22580404590933,14.392465069543746,Critical
0.36058397710092005,43.885632069025,21.758953547271055,Critical
87.12692352088398,77.96659403777831,34.08136200624482,Warning
91.065289949993,8.029879747825523,37.16078482578982,Healthy
56.37961766064444,100.49051873647842,34.24442937438422,Critical
62.65729029652393,92.17869989090975,73.2749070113866,Warning
93.53705682043221,8.003470126628844,7.688600384065142,Warning
70.35865166998899,25.905585260039125,34.20957866638886,Healthy
14.245293081425842,6.7983357065426375,80.93602618682105,Warning
58.28811026850175,21.296527646301403,4.345990553693504,Warning
56.37081286938927,79.01941024827977,94.45795276780247,Healthy
48.20087712010245,29.59631048330376,99.27679166361298,Healthy
73.33612117800948,4.1611531012051195,4.584876381045108,Critical
92.99916817798493,29.102290898611017,30.316397393101706,Warning
89.66066266027886,96.25603291276998,36.09426501414142,Critical
45.15577628776099,58.85888274584476,79.79992143593043,Healthy
15.484684254895367,36.39807713833476,61.93417377373696,Warning
100.0,9.406849792475937,62.802946506391585,Healthy
86.45312189801508,96.68021038611485,77.5934253639638,Warning
14.1054649753285,79.06501018269317,9.287031824606082,Critical
91.00856067904941,17.65663414485521,87.29223187953211,Healthy
82.63914670510272,-0.21291889145959653,68.164571815445,Healthy
51.28068939700731,-4.454425622009248,58.79242134551357,Healthy
58.41992918089189,4.174239743975305,88.41070604437283,Healthy
43.046653706026746,56.72906121473903,66.97995184566791,Healthy
6.4043352095825945,92.60371661735205,22.872743548458466,Critical
38.35665874830074,44.415836128760155,41.1321426809663,Warning
83.87781047991567,83.11184602394955,44.30407019863841,Critical
0.0,39.17391539227931,0.0,Critical
27.964529579254815,70.43652003021667,92.83861725272166,Warning
43.973595060918775,71.12767789659267,16.985451337584767,Critical
57.81771596348452,8.047205610209426,73.51934212518367,Healthy
87.88692686856938,31.829464601118797,48.467308402045425,Healthy
39.16231949607863,62.56420593189934,1.4398602443381208,Critical
35.84167170140032,-4.900034353360647,91.0800083597681,Warning
74.2321813053518,32.83498842346143,81.18338444554462,Healthy
50.0661438517227,49.557364837348146,49.579297175513524,Healthy
26.49453781369004,100.15123413520345,25.83768217214688,Critical
47.19794446925495,44.21194115166151,13.673952682147627,Critical
15.505353235415933,78.63229050056702,37.15851451880233,Critical
19.487881522213407,39.4357303857098,21.537388269626476,Critical
48.6366049723004,76.84942854869226,50.9712297427318,Warning
41.727240601257826,52.54572681879125,89.72939470387884,Healthy
88.77763864302638,85.52998600704994,60.02375739674574,Warning
35.240270584446556,36.337724424318544,89.7688302912212,Healthy
56.958933391797544,54.582549500373354,61.052186393278234,Healthy
61.32051268308805,62.52220711445031,52.37392933119016,Healthy
1.719685166778753,38.29069050493135,80.07226229583138,Warning
65.38179464956933,8.541203137688896,48.72772956404856,Healthy
19.310300848031066,0.5410919197117341,88.52833235797209,Warning
91.24006990706421,-7.65040619945044,25.438665639519087,Critical
14.526208392989396,83.70134535848506,12.767755303868462,Critical
41.85706729323486,18.003807366571383,80.62096290983524,Healthy
7.603079088353744,14.025409331068655,50.202393430286236,Warning
99.17024708516703,72.09850529745174,85.70561114410104,Healthy
45.46376300093469,28.57839606251886,91.93284587245233,Healthy
60.60793304601285,44.452990197407004,7.295607579577292,Warning
8.65046568654396,7.623934082965556,50.29915444106929,Critical
76.47665892252908,96.22537120390095,37.77709128561137,Critical
24.106740487885126,81.8030831909787,59.54257483716096,Critical
90.41001776141889,84.64166088359669,77.7690858081082,Warning
21.950007590153525,35.731011963854506,25.269241767829413,Critical
19.537044281737213,73.20889096504334,52.00491641622774,Critical
5.71761894358697,8.444355912334043,69.09175970952819,Warning
42.47500560260356,-12.073758838538158,13.666645438862403,Critical
53.80337042232761,-5.557434935950223,79.68877503685408,Healthy
11.33156291393451,55.84856206413365,59.64045197702239,Warning
70.17145420321243,38.9557824021603,97.03848814409935,Healthy
44.908349685326726,45.132871243477176,32.45062865699722,Warning
55.95585181158221,-13.33961978859077,6.812694340756192,Critical
43.79649269719752,34.90517813748916,52.34048066849625,Healthy
38.86127287318051,71.0818510421007,9.37862611646874,Critical
56.35229816126769,38.584135763860594,97.93863082691762,Healthy
14.46466405306391,72.87007445512813,5.746011798326283,Critical
18.285361527797928,14.392343942402723,76.72031469265464,Warning
84.12841899179134,80.85983281320293,52.59642589163832,Healthy
97.93756947323044,53.2924392457109,44.03642323838515,Healthy
41.60072639117228,11.252790924870006,2.7293102119596027,Critical
26.67429634802051,15.824997909580269,60.4574405818951,Healthy
60.24048606182785,57.753418080009084,61.42403603313002,Healthy
39.30188759886945,78.20771095529435,28.5160861830467,Critical
1.9866695857255934,35.35442662177308,93.29593924306492,Warning
17.131876367328662,18.625918036897723,30.920270022894304,Critical
68.57318321522771,87.90799398315818,49.094710712690556,Critical
63.58490723508869,65.49312344685795,51.353713024965835,Healthy
4.241627663924771,41.72928999960408,14.050567485848738,Critical
25.013942689413618,45.10973647751022,96.72916140097603,Healthy
21.24269752329509,13.133436990903553,33.82274790241297,Warning
63.18962319801985,56.490399494189056,9.96991761709738,Warning
11.823408379300067,29.761420555588295,38.59999757082323,Critical
12.760770909723526,100.71455698884006,58.200508651900876,Critical
79.19059725201784,45.73506257754854,45.69940961297979,Healthy
20.46156003202588,44.819993764321076,66.42175639037545,Warning
64.90124089604421,54.724463484384756,7.67273062734483,Warning
26.41974877197321,88.77916456033167,30.895584834987282,Critical
10.422318869263183,77.43715573227634,81.29092624228171,Critical
24.591034794448127,40.4830091050851,10.440324208565938,Critical
71.88594758087355,71.37882463849269,88.38437570327817,Healthy
81.2275028102393,54.19544757420594,9.653529083589667,Warning
88.83627115487857,43.995483438839074,81.278420617619,Healthy
36.89375120104225,12.529015618284514,37.4020024463196,Warning
62.728442928132836,38.78124732574775,62.68186044869817,Healthy
19.859849893312997,20.254853672130068,17.310544735850748,Critical
26.43035758556981,88.87436429746666,9.213081982524802,Critical
89.47844348043117,23.057570637479557,17.507326686249844,Warning
3.3634838967589094,94.76917561571612,11.255594054772327,Critical
11.536761787034475,52.03299931516936,25.54472573089972,Critical
23.23281767946778,60.64278791504485,53.67931276616807,Warning
1.7363242230249307,51.22562997983332,58.239012012559705,Warning
18.29231899196449,4.314639390951326,80.27925295006654,Warning
59.52779324966169,31.03557909633115,61.19695308026539,Healthy
36.86909278742358,-2.1837463886475983,65.07877506203445,Healthy
90.97892520805706,54.00617234436361,37.59518525471964,Healthy
77.3724583110926,39.54870614893001,49.70453340916124,Healthy
40.302774966507066,78.20344526148351,41.805933451695736,Critical
24.72879808920416,14.94002031958681,83.64827467355978,Healthy
37.414615285142915,9.349465481330867,22.189564935003464,Critical
56.72037295376721,37.86398049729354,0.0,Warning
24.91645398672056,92.58192585690405,69.01757825332623,Critical
69.23717149234312,67.90108945075005,20.284056866939867,Critical
43.762274284993936,34.44454911592093,85.20384903992127,Healthy
50.55711074975451,50.94436379891833,84.75275236456108,Healthy
48.12529161558736,0.3165267877881779,8.057754274429405,Critical
33.02630277961606,96.41614516953378,13.332256385743712,Critical
94.0016933093508,60.96246818083861,47.70330006311501,Warning
77.28067024206558,23.900574984834297,59.30893660952182,Healthy
13.966485338382032,52.364039970860226,27.561130129666292,Critical
92.76453730313207,5.75072858259378,74.30004612977905,Healthy
46.35424925797509,90.72910797465276,55.38533848509906,Critical
89.89325451873633,12.071539062750206,33.99847486783071,Healthy
78.70108960175311,62.25712460839748,1.1449612138455914,Critical
38.22222923306978,17.237179725396096,74.04173038460631,Healthy
8.8218455971767,68.58083522125541,27.48009381789752,Critical
23.32303620118737,79.23181009361898,82.85796667260826,Warning
54.823809028550016,65.49028789706,44.29310725635126,Warning
58.125720163473716,55.78853341028028,59.86448577478659,Healthy
24.591556925590947,84.73378042266353,83.75480129860466,Critical
15.201513871582787,-0.9964673648319977,80.82611711632663,Critical
81.01882174142281,26.39848196874664,39.61490380160806,Healthy
100.0,14.271886684642038,17.638250694138755,Warning
51.76189495460434,98.5707487762317,72.52205890914638,Warning
20.64817612202619,31.685006497207684,46.38650700474572,Critical
31.316015391957567,70.60597705305726,16.14591915457363,Critical
0.07883337255663836,66.77161525020732,88.12498180466183,Critical
91.66007923422877,16.314156017439622,25.733538889376625,Warning
12.325470968430812,18.10752289600922,0.0,Critical
59.50969543772945,19.498420491173338,0.0,Warning
27.448668057453396,35.961830866190105,60.852441218004664,Healthy
55.98843312960787,15.901971464541997,65.44673555224978,Healthy
64.41181941080107,-10.502594807108544,28.422934659345433,Warning
83.31989997163622,87.52970181817605,28.525133632737592,Critical
24.535947756665717,99.93042612773267,38.47937447929007,Critical
3.0378325894836107,27.637595781846482,68.804813048202,Warning
15.792329925210835,24.047391377351214,7.568885335310423,Critical
92.17107515721725,-9.159363252601954,92.49995973945695,Healthy
86.92758142260843,62.40015131839464,23.120469264322054,Critical
60.69779134776942,82.52559954612174,100.0,Warning
56.7961650083581,7.1766430230506035,14.163372335082695,Warning
70.31009042357641,7.221478323437094,77.9491537207917,Healthy
9.188246565315298,76.24682896514652,24.429381433186176,Critical
91.1797494154897,57.367513715724826,12.719072203478179,Warning
45.29974042065813,-5.048789672266488,93.33700537447017,Healthy
34.222249024061725,56.93569890816789,86.08470531003447,Warning
53.09111028113431,21.205443350811397,43.77295609402154,Healthy
2.654297337768424,32.837164995182356,62.22911045392804,Warning
15.521927080041337,73.8996540596629,60.36344199652186,Critical
76.64118452455536,79.53695740232546,83.11796038221246,Healthy
8.874037570168097,34.60979285471636,30.782304584901773,Critical
54.21214334298573,94.83086392000945,53.69055345299958,Warning
21.6056343489373,32.3632629805311,48.07691001850851,Warning
41.85556860886393,71.55028354620839,35.97994276439027,Critical
30.21620183164898,42.04911405268451,93.90858536031564,Healthy
40.81167836406777,89.51997898226315,15.435132330215632,Critical
76.95253330046445,88.39783706657101,11.690092502567953,Critical
28.685436171877125,-1.0939938415792432,63.13134510417079,Warning
64.15017744489818,97.26886127162396,67.32971564950823,Warning
47.6784792294657,77.11798479763667,25.228642358396907,Critical
63.47911093303774,75.53411058257235,41.66263395719912,Warning
91.78205433474407,15.893455502555327,90.68560112183405,Healthy
66.48703440515678,78.47391561902269,26.597896284338045,Critical
26.31509488382352,82.10263048435623,63.884226014091745,Critical
7.902599473260057,24.14407462397884,74.03723477707808,Warning
23.179882113542547,94.85906949281784,44.58572673569268,Critical
58.82414020487977,-5.212000686179945,88.89960726205913,Healthy
5.429403980762768,6.874755711260387,71.22724205319368,Warning
46.755565563697296,47.81770756690104,52.40801988656709,Warning
54.41897879787543,51.3021896976779,57.64865239213289,Healthy
32.79331627036535,60.73931530782988,68.73455593852121,Warning
76.12798208620445,-10.155389695450705,64.65768870274461,Healthy
9.494591590410854,95.66173183202729,86.68105245240008,Critical
8.18192636138377,-4.386496664295483,35.41460514213276,Critical
77.1074345959383,7.4429357116774835,32.96098257394904,Warning
48.63985346154467,-6.202553101100078,20.18168155367738,Critical
69.35156863893769,51.542954659085915,1.53873458840201,Warning
45.66334543160943,93.54818644718507,0.0,Critical
26.30263210344893,64.23923516126378,84.19602437078,Warning
80.06696119407644,81.14795896447897,65.00123140262188,Warning
80.23071926624003,-9.497986441457108,66.52894163005443,Healthy
71.11226654594984,47.56554720784165,59.632907096305274,Healthy
23.829459710463937,41.55593130374053,91.39597150198207,Healthy
62.81368371929823,41.472748739901135,44.853805775858326,Healthy
40.39215640964501,-2.5922284782659477,91.24302291640224,Warning
6.989866566329935,60.18062768632663,36.60376148360656,Critical
92.31236760126878,42.681440787733266,95.09107254104622,Healthy
15.608697861909235,72.4121056078442,72.10375679233162,Critical
93.38689291309399,45.57541816204726,19.063007011505476,Warning
46.04541883285986,7.808196033716066,56.37383413193284,Healthy
19.00305976273846,60.200395580875934,52.51637173712406,Critical
49.78634020491941,10.421239421827785,10.390947888959595,Warning
88.6720675355765,87.73864789579044,60.50316868670901,Warning
69.92206139214301,57.12145660086712,36.62818331932821,Healthy
83.4737233411311,4.523670902837586,0.0,Warning
63.86470344567007,95.44136170280052,93.26220674313133,Warning
68.74380015080182,46.824416156541,60.41173841408791,Healthy
89.03640189687165,-4.4460790757784014,87.90722666579778,Healthy
26.45594582550513,59.68571307151733,66.62873665187533,Warning
45.70407460559041,18.411503480013835,33.88133757573976,Warning
19.07619446956297,79.29636510629165,53.33732771786832,Critical
96.96889243379351,80.51827428661585,72.483219937889,Healthy
95.58986621873133,99.14389521424278,100.0,Warning
5.017580581648894,44.84699235694935,23.148058766763885,Critical
68.02821033758023,40.44882698479299,82.03507920695756,Healthy
89.02320328472351,72.08683603062181,94.08536983166196,Healthy
18.902284727990857,3.402773766368022,71.87300567186526,Warning
56.248942857892466,52.83720577876781,95.56773264125597,Healthy
98.0204774211474,45.99969861134061,44.60689986632778,Healthy
3.504408828269121,1.5955634874511215,94.62515759223793,Critical
75.18478520778481,34.737167654869175,68.44956439727811,Healthy
26.223749942942057,82.36125148710597,4.546884464085127,Critical
87.71998071896792,84.70005338754343,89.6956236198046,Warning
93.74556911896016,-2.0630760835370947,50.436562967340286,Healthy
97.99403825570379,-1.6527490416310113,48.94200181179376,Warning
52.68972643482698,17.1982231771869,59.790911591679084,Healthy
83.85772673707345,85.78147036456909,16.470232689535962,Critical
83.07324176422837,2.5710089817635065,47.654071836765766,Healthy
28.403104593688063,72.40188566029764,85.49600173952712,Warning
77.45662787371258,4.722251190437262,0.0,Warning
5.855998564879151,54.501176866764666,27.923428289438956,Critical
60.29604875709179,30.256048312637404,0.40289281589577486,Warning
23.032347676791932,78.49786280440053,42.2103721028995,Critical
7.856518966237741,16.791919775572207,72.56868041061078,Warning
12.615190208406897,58.9959742467122,81.1727493918477,Critical
68.11880737366556,15.43688767903026,92.79516734809862,Healthy
35.58837565125604,67.00608183278153,64.23903158543955,Warning
68.11299293714198,85.26405573936471,26.883635997529968,Critical
5.964058511034125,1.5282678466092525,92.86685248732148,Warning
32.40315715177679,85.09594810223629,75.43902567612925,Critical
54.930354891693646,52.287674562962636,59.88879895593817,Healthy
79.53626211360623,3.5818848869163626,70.18400066737706,Healthy
33.35881776935331,34.53244071136879,90.16518532013217,Healthy
59.197576275602025,8.108265006943576,71.06941822005246,Healthy
89.18989263993768,65.67942865343687,38.724698616197124,Warning
61.92759186867129,74.05665548172354,72.95754084536914,Healthy
23.99096552794856,3.8007786867374493,5.488843176963252,Critical
2.6571138076113474,48.85427766862029,38.91915035828135,Critical
83.19024906835278,74.55274698480991,43.709761784463616,Warning
0.0,91.30954638286205,20.3972129535183,Critical
80.8273627107663,45.88079318737068,4.520515902203639,Warning
55.34631693225709,95.45137023401774,11.57576983920716,Critical
96.38974238049522,45.62507774185422,62.287964427833955,Healthy
82.4089744510329,31.39676959238944,78.59706233545397,Healthy
100.0,83.56305854613272,100.0,Warning
28.671823892016683,44.39787463344313,35.48143805233149,Warning
73.63869741775689,42.66451297493772,66.31724770868934,Healthy
40.70433761370355,44.821725288857344,93.35390165074988,Healthy
48.39411603876627,83.82353907190372,15.927737122336497,Critical
62.082301682380944,81.90088021894871,71.54238902434204,Warning
88.47446302735861,34.49867871507597,75.22135107475641,Healthy
98.44330204298525,27.99251076520648,6.576600851330664,Warning
77.1896527831059,39.633437311175776,82.67839371380647,Healthy
39.859482218237325,56.09364304502446,82.81451459262698,Healthy
45.08173318607179,11.808129067319015,6.505002810535535,Critical
72.465915332848,75.17673568490598,16.44338539000435,Critical
19.885767327768352,43.05958263726623,3.6115506691121646,Critical
8.734414274683282,28.09023610837524,32.416386719344,Critical
34.41681718999171,-4.240224555560266,48.61521118463956,Warning
31.705907530514715,16.21671899651309,56.61195508358358,Warning
29.50400805029463,96.00571897198968,29.211638341333057,Critical
22.802330448094047,25.55000178220488,88.52888491040383,Healthy
0.4633286893483062,7.179862513378969,34.11968472627249,Critical
4.14384124283011,40.07233650813919,7.412559872322943,Critical
96.81638251153299,22.547355511842103,31.17229960776386,Healthy
42.477229796762224,-6.917831777220812,55.38610839344898,Warning
42.87321394661376,23.482320799279023,38.17387682380647,Warning
69.4910182624549,48.07344430839971,21.751077318195293,Warning
16.940626643360893,51.55711476625309,10.507429926391232,Critical
89.68758768596511,29.484712076003245,83.97975019965666,Healthy
78.44157009119746,40.186476202967015,100.0,Healthy
5.302878386601536,96.63499978522597,31.665821383805383,Critical
43.703717821391834,32.91700969762947,44.98967206329099,Warning
88.03861995111141,20.161377454908116,64.29321177017077,Healthy
94.96935653621262,13.297941607611406,67.66505056842766,Healthy
44.619921580059916,38.64548809662603,39.845054993792225,Warning
66.56528988693088,73.08446444388377,93.0848745334171,Healthy
25.231175793238897,12.613345209757368,48.72395022723377,Warning
98.28110844242751,66.68239283784841,46.972361114333246,Warning
24.226287883589343,-5.849472089587597,68.18543885545985,Warning
94.56542944270551,40.04252431481526,96.47698919731074,Healthy
64.18560430891364,75.71748108347002,79.27006581012628,Healthy
58.27746808468753,27.429307199583874,3.4825333045082134,Warning
48.01394713920943,53.7099936692026,32.5370240909205,Healthy
19.660189375199295,8.816036100443315,43.52652908382095,Warning
18.868523277198264,71.67643090475578,29.389185725195624,Critical
20.48959747240663,-2.291226989501409,68.76897394608918,Warning
10.908947664003861,82.49338294190282,82.96739802493532,Critical
79.29302201847031,9.348481346579565,71.46406524555596,Healthy
34.89774206928055,85.81217226771683,96.32594095533373,Critical
9.824286660543075,28.656845676653067,29.534077366680446,Critical
98.02963020535417,67.67788862836261,88.61079141828571,Healthy
83.94256770741168,29.30710530858263,75.04457790707991,Healthy
86.08619839733134,88.69289107379535,37.736711170277374,Critical
97.33236511162971,1.6227651041680429,72.05298068463905,Healthy
15.514202659867772,9.449934181844634,10.596790730289054,Critical
42.45367949326637,46.049035042877236,81.85848039822383,Healthy
75.79723477354041,-0.9519432078074646,51.42183697921147,Healthy
73.00312729967474,12.529008157281817,25.71178244742409,Warning
11.415091466877602,92.07128085465526,65.14232642935399,Critical
84.47910565220312,100.3892396190746,60.07160482288451,Warning
24.607024643958827,32.5119482821833,20.116276743907044,Critical
16.32705914796872,93.65686544928813,2.197829043212243,Critical
57.66529581312368,50.66103558902783,35.9712063184507,Healthy
59.574368959469375,21.321439321571944,58.54309242567565,Healthy
59.18475429538664,65.5177541995114,87.11245853701588,Healthy
6.553995402490219,61.49637788985517,96.36736892307525,Critical
91.57182730180395,101.49674629307273,53.52711775505888,Warning
23.002447271153997,22.27468550958909,77.58717408780113,Healthy
15.447768183402255,61.632414093352736,47.50044349242082,Critical
91.33663041462374,-3.777914811033218,74.21306440897706,Healthy
92.64264753845868,1.6391766556686795,20.477682927324985,Warning
92.16288252481279,-10.963041694109464,32.38584381018245,Warning
81.64619291314037,100.51035430727495,67.1414131170642,Warning
67.48587589471525,80.53203255095337,1.3787043615432193,Critical
50.50437467490666,77.44285656725788,69.22893938285145,Healthy
15.051866000166708,45.4308433818617,85.77271758627896,Warning
37.171650486394604,24.03710147946871,33.37482253350239,Warning
40.34351099952919,5.919118943732547,43.5064190490969,Warning
22.991063222237532,22.138449874572206,87.85315434528863,Healthy
70.48504496031545,34.149765813116765,76.25229797670563,Healthy
51.95383563953342,69.0397913492307,26.661183050491758,Critical
11.187279731790266,50.957301376426834,31.149146264815045,Critical
18.204467447638827,-4.554910922037842,61.85803544565393,Warning
71.59729287313057,-5.56015359343073,58.46624454016522,Healthy
10.748027434429602,-0.01751147099877426,15.854298983718955,Critical
82.3068311783422,32.71951575149876,30.176017092932355,Healthy
54.31059548217076,94.0417593295695,89.19232183863829,Critical
43.688084847920685,60.8426130592992,68.8596830676201,Warning
57.366460717618914,76.20247518038335,100.0,Healthy
83.90510446479088,38.795205881163554,76.54506237447919,Healthy
32.220221936111486,29.408306176472138,90.11253356981959,Healthy
68.59307251294437,-0.48413290151389266,23.345405751679742,Warning
57.29642463598899,84.22968649463529,78.64419655470525,Warning
26.14160420717397,76.37884477391218,2.6383330094291235,Critical
90.36020025128747,6.56124746723957,70.30172609203734,Healthy
79.0575197827199,47.201740606441746,47.019363841263015,Healthy
66.53980667228397,46.59151606310389,38.01013545897463,Healthy
88.4975885418879,58.46295996571698,90.46206829374411,Healthy
89.10147872605775,94.3408604630099,87.17370792232651,Warning
73.1943495439461,57.811052059543734,0.0,Warning
80.25379402971686,47.04869711089335,60.55815508943578,Healthy
71.32152389343233,-2.082006986825483,40.499790534270765,Warning
65.37858080312152,-0.9384624421924035,37.073216551836396,Warning
58.01689288218435,12.316781724294342,82.02821291734176,Healthy
75.05654491690922,-3.844719412442427,29.955082643427595,Warning
13.147624969352599,72.3299684446186,91.70924926270081,Critical
90.45892907641277,68.40047444813742,20.582019486970434,Critical
89.62795915360918,7.155332369921858,67.40268754994011,Healthy
0.0,84.23436351090669,65.07733163157499,Critical
80.0967674377456,9.237091636058892,27.03605490349934,Warning
8.507626731590523,23.218318734347946,31.99981219271555,Critical
32.12399759613552,15.955069880523498,80.80926553832703,Healthy
75.71635263876725,31.336505351258477,74.04177026476664,Healthy
15.349125310295655,19.897474283031478,34.21774125580377,Critical
80.02742468990482,45.83330548794966,56.21268432905891,Healthy
87.11394737621362,33.95551469486621,4.707724926445186,Warning
43.83220185829476,99.1533897779807,22.50791224086996,Critical
4.349202852238033,-6.465658094867088,53.32731835877236,Critical
27.07094843802482,7.609851608620381,4.8207618588104015,Critical
61.45836480723585,-5.755769183503854,85.40024510770962,Healthy
96.53652778958202,60.41304216720443,74.29258808465102,Healthy
67.8100170182842,-6.302588639271169,94.077917615053,Healthy
22.287422616000203,84.07120292424158,73.06154022896965,Critical
63.43577941912694,46.9569197550576,100.0,Healthy
55.58085392716554,46.408123312734816,56.481321614255414,Healthy
73.15153121145886,53.15810861050241,59.32109190936294,Healthy
7.93836937135738,7.608784310072519,100.0,Warning
75.65825464970811,13.245043417483888,66.73912126755974,Healthy
51.466662763557906,24.521682565269074,0.0,Warning
93.85242507224201,51.842511489144336,72.37207099477898,Healthy
33.1376286146393,11.148122872461723,89.36307081352422,Healthy
65.21093330833334,1.9356605672841674,80.7481420539744,Healthy
92.17465722036731,99.4492355535247,57.802352421660885,Warning
13.486251382486765,-5.77971310988303,66.87482303253863,Critical
90.72957537566705,81.54443741160667,96.42954064678392,Healthy
65.03280544866097,79.99113688531214,11.269796506207296,Critical
12.562742127680592,21.624050913778728,71.68960952773016,Warning
28.12248231168509,4.541954041286816,25.796753609414278,Critical
66.88447284331167,5.1965912889355,59.81787458917609,Healthy
1.508898321561679,65.37445668548901,60.822367247876265,Critical
61.44235637905414,57.025735600806186,15.259716227710417,Critical
33.564392151315495,76.07252873161886,24.187462932384996,Critical
61.33042257154852,90.55179777647929,58.475372947185754,Warning
4.096598246491367,66.04366619625647,11.209129205305121,Critical
90.19250926924698,11.37521063978475,20.074977795231725,Warning
96.81030741581193,15.759997651533759,87.64950568243572,Healthy
100.0,83.03085840729874,33.46078448513395,Critical
75.36646489645517,14.836965113381508,47.415716885023905,Healthy
16.19397831393816,-1.4619625510752308,90.1472190788105,Critical
78.24203916661547,67.94577432053214,19.023480709162875,Critical
2.349349685106038,33.553094236539465,40.20540243517521,Critical
0.4514421948383356,90.74064982992694,57.32350241755243,Critical
33.356913700653784,59.608036775927104,75.84590921984292,Warning
50.39461523408839,1.6381775748614977,96.29417325467561,Healthy
75.32298363639973,90.7812390846745,90.50453588851705,Warning
68.82855425850248,20.383475677191452,74.77967410533917,Healthy
48.29888557245362,24.28597717520095,23.979105275689335,Critical
33.57250984537562,36.17386005334293,0.0,Critical
100.0,-5.072962447949904,43.53734662655059,Warning
48.20640928273814,42.152959069100376,18.365744104367337,Critical
43.25057979934818,4.723631308441421,70.54624988696887,Healthy
18.4680288753448,35.964271005870245,63.42117913829902,Warning
83.49651340073675,27.701919382922203,3.119854543819402,Warning
66.67922257923287,76.45363027427324,82.77238107683883,Healthy
20.620190942741015,73.77858729026173,26.025028024239422,Critical
13.451818847090019,4.23422448330648,46.34160453700757,Critical
65.12463364011049,32.90544847265234,63.68383565329847,Healthy
61.42773133014639,30.62150916510565,45.97460738125357,Healthy
31.909897420739465,2.930722180071661,45.98183711842823,Warning
98.67664589998235,76.43215319474696,5.039431061154218,Critical
16.40214991004133,65.9483151718464,36.88421923896935,Critical
43.09634784032271,10.61007302972797,76.83348747387605,Healthy
93.04601849994494,29.5979079777026,88.33886826755352,Healthy
42.818578314039385,1.9964161920928853,44.420756253825,Warning
68.5920156386132,58.96379357700969,38.98693437151127,Healthy
40.475138174705656,6.0703902104222,71.90582921185464,Healthy
33.9223980366079,99.3018557481803,94.03535101608242,Critical
95.70393883906213,76.79037143805203,25.024219370810417,Critical
40.87435836851949,35.256554702028495,43.70592613483581,Warning
88.2907443649217,52.864495049869824,82.83727386413273,Healthy
19.74003595962162,87.72384489708799,57.39258471042248,Critical
20.851219203479364,53.36486149280537,9.822164730820022,Critical
4.3653961934324546,9.466516999991294,60.518042862165004,Warning
66.73937307744458,31.93607152972538,18.558777059086545,Warning
43.36399090920978,81.47927531021152,48.96755073030245,Critical
87.82922739313437,59.62972109265082,47.606083038884,Healthy
50.771401080194565,63.273126954259716,84.4549235817014,Warning
97.01762553036909,87.31967502200902,51.16269245685815,Critical
23.586718371669903,89.90468313236883,28.684426857448237,Critical
94.05766465232529,92.76310610662895,23.73372098302739,Critical
79.25294067210201,1.5714703323666903,86.5773504984077,Healthy
74.11420741805046,50.11690567609741,16.94620916949533,Warning
82.83190774335726,71.10528796537308,41.29742031982023,Warning
76.94820200391537,75.68260066385463,20.298097085817894,Critical
63.99152626889348,55.99134047571956,77.63283057421566,Healthy
15.219763171391874,9.086565297965652,43.92345936698605,Critical
4.6332109928153145,76.10823493767458,35.87554256499378,Critical
92.1057395303365,67.89364861294312,28.73373829283203,Warning
59.75643612846742,-0.9973742653204621,86.4629982713313,Healthy
80.85714388141032,39.41120396072706,51.14932485893424,Healthy
53.71719722369698,10.733217598354994,71.49861985461612,Healthy
14.790604712522713,24.426406525336844,86.11996881547988,Warning
14.122691069163638,-7.8126206106124565,90.1826372026635,Critical
71.6452294943654,34.30130171886777,34.58574099161498,Healthy
41.91739740324371,46.86486217054379,99.75360757038726,Healthy
18.527677231783713,57.27203756993233,0.0,Critical
46.916099361045745,63.495337040254384,40.60997496862997,Critical
6.045033839205096,82.84950042785873,89.97334386701658,Critical
56.931122501312636,13.292305383129973,26.11168652322442,Warning
30.524164665466188,4.606776877192904,29.587714547310217,Critical
78.32993981067224,83.45045639429975,29.554453954933248,Critical
28.62803074368263,7.254715462341602,63.38393003389426,Healthy
51.349746444672014,97.72691668495459,40.85646842205139,Critical
0.0,84.5332044913184,70.77449253844539,Critical
7.705274151206941,43.74499064302484,92.32186441485038,Warning
40.60332411489872,96.98271299638618,71.87613906499733,Critical
44.583804114949906,-0.6263527815779655,20.341576322299,Critical
63.70850612043958,22.67283829697731,84.90632345998287,Healthy
31.077614992164005,63.05715417062679,25.852139486922486,Critical
74.1733406482966,29.646206170709302,15.0867078862831,Warning
83.97457390726615,89.85880122754942,8.298407756016573,Critical
78.28247626676345,-3.982024231617417,57.34738975161315,Healthy
4.0799497998183005,51.1808359752589,9.945516465273215,Critical
48.842360208832964,53.18227385159706,16.394200993297158,Critical
6.129173596086003,60.34941353386513,26.502908241356536,Critical
24.537010722329413,20.813203898847885,31.875847090508806,Critical
94.38686759244342,28.87555577023872,65.07418750509751,Healthy
15.324556503742087,84.71419189520631,78.93534873308722,Critical
43.502867971580045,13.954350965779456,73.39416614348005,Healthy
56.260812928940155,79.48853900673188,27.48053141298026,Critical
72.70214320373039,50.112171406187386,20.969388569369322,Warning
54.32435298310706,73.28836205838671,95.1013443973898,Healthy
0.0,66.31955484763462,4.131205028564056,Critical
36.458667687625834,13.068332249342175,90.18487359945247,Healthy
52.75404299045639,52.15809718401924,25.913440937309264,Warning
11.402920501084687,86.17070684033276,95.2407847517774,Critical
34.56396690395559,40.326672960677875,32.39821447591741,Warning
11.359196960836664,97.95995468610548,44.18890792428429,Critical
6.044308133822689,40.7221405620137,70.2602963762122,Warning
44.92581426823927,1.7743232075314794,58.35723381971662,Healthy
13.087477284006296,33.7245667727488,31.722521846395082,Critical
51.79055364141758,98.13252002436818,52.587791460243636,Warning
70.3950431509709,19.14824839475693,73.91734170120054,Healthy
81.00295759527378,86.86956267132815,0.007504786973436595,Critical
16.86105898176332,86.61885783549495,0.0,Critical
13.981600394502832,26.82092767046983,45.450057617869675,Critical
10.382691104185048,0.76059955339344,6.405001842384643,Critical
64.69226840010761,73.12078180868467,68.7414037555062,Healthy
63.235582800051915,25.816814349213967,15.245782093200903,Warning
6.317978840135613,75.3792136658099,45.29387375226163,Critical
92.13773070292405,36.80509365983133,15.88866581764241,Warning
1.2018859119527128,43.66859692526746,53.63360250280195,Critical
56.95283318446283,77.31637332710223,13.16273787930518,Critical
70.83519800683628,31.285860364311613,8.905103837186473,Warning
90.74540970495532,38.163242002219,5.462519743791766,Warning
72.72255000218205,37.02495206433524,89.47796516693248,Healthy
80.16826479813504,32.56476057242025,17.089707259000903,Warning
33.48682941934014,50.154380815947796,70.15207009910647,Healthy
82.93064965631964,76.04736708300895,7.002340385659095,Critical
6.770890862039524,28.380136952895324,12.489624313181059,Critical
86.92394783981327,47.81738253805952,44.21149127021632,Healthy
56.588964983337554,61.77773068291579,46.506703558639956,Warning
81.29631347191608,22.839133691180642,93.92894927412887,Healthy
45.33253139603703,23.348133152444472,98.1490500200903,Healthy
67.62590902811631,91.60835329781192,80.14220554426274,Warning
52.2986362704041,73.15664027963471,55.32917724439033,Healthy
73.20405395215856,53.482030191124096,49.28390929634825,Healthy
6.364049668706162,66.4279854210454,36.96642869732274,Critical
7.327428201001933,-6.4876889975739065,90.0670299051959,Critical
25.759807139054907,59.1437117124435,60.45814045294688,Warning
18.656793406690507,48.84578293700133,61.01173111016701,Warning
85.44097014819954,52.587731475353536,19.547980559171304,Warning
20.547947827033873,30.558085083661666,8.802513796047558,Critical
99.96293777934955,-1.3201518904640643,89.98097165357187,Healthy
34.44621818719928,12.295581097311981,28.999844354524438,Warning
15.493137190291844,92.94955010964166,41.43028982627679,Critical
82.88951291745141,35.26121928753096,15.59479555333667,Warning
60.775425844886854,39.116532076399075,82.21938458128162,Healthy
52.17242590510516,-7.7636863962823135,0.0,Critical
51.74071898576853,-5.766861221883249,84.73470884665184,Healthy
77.57754337668297,71.41451495648668,16.012044250574835,Critical
18.211674952413002,51.04202233651436,90.65901954749759,Healthy
100.0,45.79383367233812,72.16324623793771,Healthy
97.23441313464457,20.23767774284455,17.230629153841353,Warning
63.932760925177455,70.7844576975983,54.63110002725895,Healthy
20.510435062317796,4.6703583783380616,36.29003646932914,Critical
69.91852526060258,6.528619214310278,21.25592536713214,Warning
4.506639390924976,38.31595696711887,89.16709042823285,Warning
0.6178870450748897,23.124034318837957,42.734624454443576,Critical
27.717103446460026,15.951322568711326,41.413571354523256,Warning
41.14026681298283,61.89805818458109,13.255580028212638,Critical
85.0745632612618,64.89945874120785,40.20647131734481,Warning
81.83896783910912,78.4966837528366,87.50448032307497,Warning
71.36661322623026,36.90494183061912,40.10296330381635,Healthy
45.99274182008679,-0.8827138418120288,97.58261379712609,Healthy
32.83564694855485,18.381826364414138,96.2820313312978,Healthy
38.631011732851704,100.50902280214002,9.437191538144134,Critical
100.0,55.01302916449828,17.464123742439078,Warning
7.39778934679709,67.30357336628622,84.59373025347794,Critical
86.10238813180653,-4.967412304368455,40.03318966502114,Warning
63.8341947735039,48.04816402481073,0.0,Warning
42.093532225203504,-4.021266572130661,26.55934464225718,Critical
73.22842728231232,55.32510919310295,61.14000103427611,Healthy
49.402724939123104,89.98384546104985,78.63018225529046,Critical
83.97641944831781,99.02574654915222,13.703636328047994,Critical
89.21256963618849,48.45700606278632,6.495900769050616,Warning
42.65663318506076,39.31328179906716,89.71206092695299,Healthy
26.3864165941169,93.40788042271807,77.08296748386715,Critical
66.55780475570583,62.85295184974655,55.28738372771842,Healthy
88.7204635408705,-1.2167663854606334,80.6558542324018,Healthy
24.60449230498794,41.76423485371485,45.80863419656781,Warning
64.86603779579464,15.444503201839204,75.0408849248933,Healthy
63.11443560573924,43.027485425664615,46.176501443960966,Healthy
70.71567507997136,39.5508480459271,28.138767982805113,Warning
10.85200255155067,53.37978756889227,70.05350360917966,Warning
70.02859457055933,29.342121708220727,44.205751376826974,Healthy
85.5460282207253,8.99667015148452,98.33529963157876,Healthy
14.957914609626323,46.188833103650026,32.618381958231865,Critical
19.306902946296837,80.59581891352816,88.96301462360796,Critical
100.0,64.73556750231506,96.28093486137308,Healthy
19.95308244811363,26.775676949614432,22.391458312602214,Critical
87.79643163355429,91.59756352625686,79.51648909369017,Warning
50.99428149942932,87.40678953987533,40.544372729776924,Critical
25.224010310320196,14.994680894248907,89.50799891113903,Healthy
91.45703112363856,-5.639285484372058,44.631639663309464,Warning
42.698237533071335,71.96570263560487,75.59491861190907,Warning
51.801744359070156,83.1287345798059,38.931663425725446,Critical
38.164513423448945,95.51028979145345,22.83083496878587,Critical
55.33145744792436,85.13320485276593,17.69664985671352,Critical
25.642153946929923,56.19838590713607,46.750207385985235,Critical
39.19385095350883,48.92168041752248,84.3777236394378,Healthy
97.36720058525553,-7.463182493436253,59.42931141321554,Healthy
29.583977365137518,20.079684309077898,63.69624330791474,Healthy
68.41853245315988,35.585289555179195,28.583265982949946,Warning
32.63324048065886,61.37554228499203,47.52724660728094,Critical
77.73770088295419,52.880008965753625,10.353578443936572,Warning
8.574920478991045,72.60350042038688,86.7530096259387,Critical
95.31270717430455,14.1025592986363,100.0,Healthy
46.930584786840804,54.71256440831259,38.927824018829114,Warning
24.936724851775054,-2.3572214482846365,3.129665011696745,Critical
11.013171983013526,34.48782363738599,17.77428303229965,Critical
16.6142873340841,72.17650629542597,65.97665738494005,Critical
47.81553531530917,67.0889299464988,56.53324227468231,Healthy
36.87050893545566,100.24955717332479,81.97185797391532,Critical
87.19660462680699,22.35370496729175,25.71182608104052,Warning
45.783486084749285,46.43252992929474,76.06066751207969,Healthy
24.380526246190517,26.754199923565892,66.99793266734049,Healthy
64.84765681603274,39.2981878646244,29.9006002724242,Healthy
80.96445312256922,82.08300685398821,55.50059054953314,Warning
17.049647733416414,63.760944657095486,9.479892444258425,Critical
12.826711552096391,88.85945149558366,47.62494662250839,Critical
1.9082875446978411,14.060640889964871,84.95741764457705,Warning
75.51662950747621,87.51732179544702,35.9430959239232,Critical
61.56603982948632,-4.4549833636907685,89.42235659532025,Healthy
47.97129679971759,89.56690511197417,56.45107537793271,Critical
85.55805484786737,23.87562683571936,17.021193825670586,Warning
85.17238051444328,26.759359295271857,61.51423946281386,Healthy
62.466021007838116,45.80800183436125,56.16162561725627,Healthy
89.42088242658117,96.84426146223676,35.26512878382811,Critical
14.096083972133236,-7.78693406917638,9.094539770855025,Critical
13.955121323916565,32.27221534961903,39.02282991824119,Critical
29.091501309879703,83.49999009684001,10.080642612049674,Critical
6.476518740166525,32.80703400587785,14.794301523663727,Critical
47.926286421666745,12.296936373648563,38.35089560853737,Healthy
91.33024750193496,35.3332021208539,34.78238421075103,Healthy
0.4338857582487661,32.26611716147901,90.42733025163623,Warning
6.1659660824814075,89.22052963079567,38.57894924686377,Critical
45.211157374099145,72.41065426978231,71.97145110892656,Warning
90.99403538846215,46.53648303244184,52.65896139587828,Healthy
39.49152723848179,96.9176313487658,70.0752287220154,Critical
50.217165050525516,39.6441399703406,25.0661233825941,Warning
8.03854537263709,-6.339421109262544,95.345410227792,Critical
10.127023022129212,17.84231403972566,49.98775709688481,Critical
97.07274353787008,40.59095688357223,80.48123723396444,Healthy
96.8025632717075,5.567421375867276,37.818185782459416,Healthy
0.0,92.76889736527025,14.047240897979638,Critical
93.91457648790966,74.74122265291811,67.30272368994112,Healthy
63.25814106281942,18.76999917945594,2.286977154128966,Warning
86.09010549566753,59.444807553670046,49.803537687442855,Healthy
51.03934128249195,69.03435135270041,21.7717058325464,Critical
52.69428171421955,94.21111887218252,59.8769762660263,Warning
50.32318971451593,88.86742597889382,95.61095662317051,Critical
68.30539007764565,48.52030060692921,44.37006685023399,Healthy
15.803004607642627,75.67836334034669,87.53572705524856,Critical
2.748698035643199,51.51366794766235,52.30299751262781,Critical
29.83075504468255,54.845484977767924,50.973950271557456,Warning
70.9685244522195,2.4220948665725763,94.141056577429,Healthy
23.655757059035256,2.9917621729197665,85.03420666380966,Healthy
70.72195789780089,46.95699967588228,84.39461793112856,Healthy
96.2700091836618,16.121163542277213,31.063137924039296,Warning
11.693602662946173,-6.042709224874124,56.67032191035891,Critical
66.67645783339363,64.8161756348217,17.093159463821095,Critical
44.47663357876285,-6.437920045891696,46.730601361738536,Warning
85.39365529308795,55.07073125290323,47.35266922559618,Healthy
17.17004352801989,53.791247738467476,79.19565509275438,Warning
73.2865854312655,92.90631350613124,86.74154553488391,Warning
84.08879240682873,41.46123875427187,37.66732361428769,Healthy
94.86726947305928,-3.276034915805589,0.0,Critical
63.9831494911907,50.290617783772454,86.3590274400281,Healthy
48.78974467794454,81.42148958615107,16.26757948394112,Critical
61.0607793088872,99.49144545215405,63.190404475523515,Warning
84.4030679915416,34.81862364805849,7.525017656617132,Warning
57.12597089899366,25.947247432631553,39.56213638517442,Healthy
1.751159099000723,85.08889198056472,91.8613623296597,Critical
93.33485711642852,10.985095486618835,9.343485475736859,Warning
69.31718413261291,56.49646726509478,45.94949850915785,Healthy
64.78407550425672,36.661162545417525,30.457176601504727,Healthy
20.37140989232215,-1.9703177136223098,95.09680429990154,Warning
66.12066987154822,27.539627836126037,88.29283557014897,Healthy
42.939338858886025,21.956589333577064,18.255066827430717,Critical
65.89345522253643,64.83779437252274,8.447525456358191,Critical
8.67349749104679,92.43470169985281,63.60484328890593,Critical
66.98154473803515,22.976997876021393,36.87793859219191,Healthy
100.0,80.302806196153,72.66734877544101,Healthy
7.571323303822659,-3.901543091555324,5.935152165907544,Critical
99.35999801343858,50.56766605457674,14.661362909910592,Warning
42.86756659873403,-1.6910629216512612,70.66578809199937,Healthy
91.3952071580118,92.60519020848729,20.733045110901074,Critical
81.46542878788033,71.64577120669692,81.37013406581787,Healthy
58.40190724201975,61.83341675818262,5.983577029682123,Critical
77.05084758390291,81.87511282563001,22.644069260934177,Critical
84.6066028413426,60.98163466134432,96.2450519707711,Healthy
35.907236408082454,98.3885352114328,47.28747517717909,Critical
33.17461210825536,69.30268431285845,73.31279940091164,Warning
66.96538068531008,89.95617441787633,14.151020639837759,Critical
79.15286403358608,44.246164205505934,65.08437036492339,Healthy
78.70607148714471,2.5627284281445553,71.68566372931231,Healthy
74.19277412650975,47.05109246032271,29.112188891296007,Healthy
41.95401471311989,4.628654706183635,86.12754427582735,Healthy
80.3285549828693,53.738007391879094,60.18859460894816,Healthy
7.1120001817624665,41.84345200653317,44.60985692401363,Critical
58.933102817892866,60.58943319679582,53.20557520265561,Healthy
0.0,-8.598426146712727,52.48111217167446,Critical
30.693562818103974,10.026999951235464,15.712214425888178,Critical
39.37009276055519,44.08163112780444,42.64090448387803,Warning
41.55540519121173,97.3132142608082,31.561629845342683,Critical
66.22219657953197,32.78456781561687,36.09997110951297,Healthy
40.903277754816486,37.866824484750076,76.79784105663406,Healthy
45.73871569822773,67.11210071767354,43.86277911616472,Critical
30.753519773767145,58.470042055742184,94.95169342276667,Warning
38.53700041113892,27.518081031744256,28.345772182159088,Critical
22.30323726310955,33.60686822739135,43.05375729355002,Warning
4.750086505486095,11.58318992555159,74.54419463613034,Warning
58.11212923727108,96.61344499199323,58.49694878640674,Warning
64.34397256909716,6.120792070998392,54.153711187463706,Healthy
66.06233104269721,30.719266958205615,7.624584304232821,Warning
46.40331412510665,-9.264125847884095,42.73959265570025,Warning
39.67431938984718,14.178575789129322,23.60103838507538,Critical
90.87610775712518,77.04800976737195,100.0,Healthy
44.83278608699941,11.315211897884621,26.56030673779805,Healthy
51.754809057074226,0.021484313696058965,84.33924025110666,Healthy
2.7303973159935713,44.519271353377384,73.51537121201305,Warning
35.42992787753697,-8.422922927662071,37.42720102559892,Critical
35.53435221334095,-0.7316185556599362,60.57443036371363,Warning
37.61690489434449,80.49753350237982,82.94294590309565,Warning
59.48377459217219,73.14986627968224,88.64411579532522,Healthy
60.514048073682254,88.75585057715271,17.62145174087161,Critical
63.800449217789165,83.46355338032448,33.920727421035274,Critical
80.28489491846845,64.16555304675106,31.28390995926945,Warning
80.72257006082509,-5.850069647508038,1.5162255139543221,Critical
70.01169494889255,79.77428492852988,60.4653626836765,Healthy
93.20995474075649,87.35017561145023,82.28142577423188,Warning
0.358437093546099,77.19162595040382,34.87284830545122,Critical
13.419451268843034,46.1161317833796,75.18431053188148,Warning
0.0,15.2435166113154,62.484563305617144,Warning
63.06641194728077,85.20129580599625,40.37649236104514,Critical
89.27698037181418,72.59920019509532,12.831245718981181,Critical
24.743479986871804,94.32920158539439,69.18861742767012,Critical
93.7908070855075,8.07820735328387,86.72717708223047,Healthy
5.981962911627204,12.209461453403758,66.1493746164877,Warning
91.69927342152316,16.814340802715854,0.0,Warning
29.27219279416688,78.05987049876784,19.76792626796088,Critical
8.416157019716271,8.913103532787726,6.318892169466532,Critical
45.66982400557154,-3.150061495312036,62.355919587510385,Healthy
27.07585701688661,99.26373420788683,71.51740140916978,Critical
31.215152386273367,-6.219880855261962,14.944441453218321,Critical
33.54470969380847,83.96067182583018,86.04714232820827,Critical
82.5734479916498,27.89393798662839,60.2518343816583,Healthy
53.51555046116799,86.25520957518391,78.40695935913931,Warning
29.564903219172674,54.219634248867635,100.0,Healthy
58.79207007009064,87.42878810831752,11.145099668493316,Critical
67.0925706725141,92.02683209433354,86.18491324290386,Warning
30.23796117487695,-5.5775829708860085,9.051602814207804,Critical
40.83077703874523,0.7611765325616751,40.37645121676389,Warning
8.449588452832133,16.865974192698314,80.04964118935274,Warning
15.635460826337326,65.25337542912094,92.47174142766049,Critical
65.51086502720062,93.70433819970394,44.2324016822315,Warning
18.272908224608074,40.803934606038325,62.86716398423636,Warning
55.718741919918074,55.50174628728916,69.84963252405493,Healthy
69.86065752345652,11.079823511694523,83.65565768168199,Healthy
3.9300917651234366,79.03945591798004,9.906000064505168,Critical
56.16368095741359,95.35701877088148,75.31135159225505,Warning
25.18769666984479,20.429132756234154,51.831700888744464,Warning
95.6179268309514,41.92205255660509,49.06944669568104,Healthy
46.472181172565364,-1.8582955783162398,41.33551190408873,Warning
81.25157221969334,53.021521763236116,52.90694721880628,Healthy
55.22107756107318,41.79643690005036,93.33238107882914,Healthy
4.266762343101975,7.6943484410480885,55.6858468120139,Critical
64.55306164373113,34.60332071157684,97.59517142307425,Healthy
93.85083575122215,23.28886257176933,19.69426783528568,Warning
58.70142500553116,46.40343879745905,76.43650672349136,Healthy
86.05925581143522,54.99570458280661,82.78059588799073,Healthy
90.09871256398709,-6.414959146952176,67.99713698460198,Healthy
25.288815377721647,73.82590365077027,58.40797111902177,Warning
24.88279774682487,67.9384648896395,55.04576196764646,Warning
62.67593142697357,31.450664978687048,88.52320244804464,Healthy
43.888013018078986,-5.91884472836586,77.65918015970765,Healthy
79.24809480046126,73.32140969504836,15.546294028298341,Critical
90.6147739557892,92.67037513668386,84.01533452504421,Warning
34.79398254482883,16.581856596172386,38.951044230820585,Warning
28.720108170147636,25.328034859375364,22.073510469236673,Critical
80.83548811979608,8.610882000100812,88.99996015833774,Healthy
25.58926798243407,53.793054841007844,43.158555901964206,Warning
83.37981432695547,7.349652717539328,85.60276468737112,Healthy
42.876869365224,31.53224180543001,22.551134244006686,Critical
68.11798422860373,63.46016472664334,0.0,Critical
6.497003975342864,51.460660315634236,49.269255815912196,Critical
63.46598186337197,30.990357276665915,7.767255432378624,Warning
44.492313825858204,37.96698031518219,75.45595154491637,Healthy
59.508195609714214,53.34002121893951,28.566015906187594,Warning
14.628265279119834,-8.339120242275014,45.81801737773709,Critical
71.93218498022841,-2.771580986241842,13.221857901808807,Critical
89.80123381542296,88.70932861981147,24.755507558380522,Critical
18.51933733405708,-4.49357305744468,79.16230528566312,Warning
6.638192348890026,64.27777417597002,13.217962731467447,Critical
2.2091148329869057,88.65245605219194,66.0059962527665,Critical
61.88147891876874,19.70824685253661,93.03658183950925,Healthy
58.054317712089684,32.10438687852316,65.02291782607503,Healthy
54.98496918503189,46.62928969489974,78.39871190132042,Healthy
18.67951204088643,89.63347232400389,12.432092120800306,Critical
36.06671288581056,93.87183899100309,25.143396132437836,Critical
65.60992026738823,68.21641259705994,88.79501970186429,Healthy
51.05511106282397,-0.2699323654044942,73.48452185113385,Healthy
96.538861964679,65.79200793819042,66.15053806531752,Healthy
14.898620490471904,36.332291436605345,64.78778327406489,Warning
71.21644683571927,43.975256069124704,38.863896017536845,Healthy
43.41512007069993,-7.3261703208247475,0.6699062312523965,Critical
42.438493404191284,10.188824857822592,78.54451656767735,Healthy
74.68926967413628,75.10711236765418,63.60184279008969,Healthy
63.12827555779044,43.37063204535321,47.578731785959576,Healthy
95.95667497879158,24.461572266399635,93.62647191109907,Healthy
13.331043150621891,37.936117314060674,32.55558718765103,Critical
11.399865536840007,83.04872739899038,27.8235615815031,Critical
69.69853484986818,70.94054349118065,93.27316682882572,Healthy
58.61695167443038,19.6690404127288,84.22787093346149,Healthy
25.544545909918806,5.681916866206162,49.20418745316823,Warning
7.1110596162171635,16.987565002097192,13.490513488961922,Critical
11.640146361638086,91.53208481183461,22.493181873549496,Critical
92.14589995707762,54.168153569246726,66.2337803090592,Healthy
16.195551489784503,48.761816484330495,43.94814412717953,Critical
29.165401825491767,54.298499045245805,83.90900884385539,Warning
21.432120036038853,29.988527096295943,95.70720556011347,Healthy
35.41939167967495,78.42156703244369,82.62967941293107,Warning
4.968688808885114,47.54635810367818,41.324301447698716,Critical
55.02790641922604,4.729302940872925,81.67934050605471,Healthy
7.803425884347156,7.7184198004459095,36.75842170600326,Critical
81.25390611185945,47.37363658994861,12.033909360381667,Warning
19.571591704208387,92.23873673821687,1.8749073144104615,Critical
57.5030636126024,22.268709587569486,41.029934897717816,Healthy
79.54740228942376,86.02373164895856,91.1071264615661,Warning
67.58990326026753,72.97381560865477,26.377044677036505,Critical
56.09871386814584,17.73896238724373,26.312814677992144,Warning
31.136171749703674,-3.795263864323756,93.45118890892606,Warning
37.118921957562065,-3.848464205947116,5.914141809472962,Critical
66.75940286095597,71.1178925024198,77.58712465189454,Healthy
99.60123123209908,11.043297086675377,34.94304503191123,Healthy
67.2025053471505,31.760645791562094,3.625133456861581,Warning
65.33806647243566,43.393969385206326,98.16126763763735,Healthy
77.09835274817362,72.19402050613166,14.354493829743575,Critical
48.62395483051057,4.281995794584359,53.2563856995016,Healthy
3.2758208002749365,35.83700887760605,28.66504461133008,Critical
56.660451064229456,44.94447144131669,7.491108560623913,Warning
93.32315616899885,47.99973610252502,8.406539848669253,Warning
19.996626777614402,78.78042304409524,12.899828279448656,Critical
69.42189000927115,10.389473856388818,14.561895306445914,Warning
16.71980382706396,77.32600141539123,75.72159914578548,Warning
53.826142197563634,69.10789713994792,48.257760379001496,Warning
7.119392555523045,50.49860741932346,32.477550984738805,Critical
45.490742289831154,67.95185452400416,42.093896028263245,Critical
73.03910094042884,39.52045032319238,93.5878509205112,Healthy
34.839615323980645,3.8112877483575485,91.91881286368235,Healthy
68.74258203452709,63.37169993087996,71.76921103873968,Healthy
79.3858401031976,49.822320064693066,86.63877409198689,Healthy
91.5451171464281,62.23378283745837,29.319807374515413,Warning
24.07403684871774,26.524235292655185,36.98541142632162,Warning
42.023139443309375,88.72186263233824,64.79583116612815,Critical
11.920051523396461,54.14441367822336,66.43299378620085,Warning
100.0,2.2899888042988477,47.93909019191279,Warning
96.65271924948173,38.920227264767256,37.241035944393055,Healthy
55.71668391788611,73.3553974067667,98.37451032991913,Healthy
84.3765918776438,76.50122884870311,88.38735891758267,Healthy
54.01501024730091,45.816772933605435,46.49492329475438,Healthy
63.71605816858401,88.73328286661044,74.38147579855449,Warning
11.173246539081104,17.43666046985627,29.844224076403655,Critical
69.45524721673195,33.228208468139336,14.638632457756927,Warning
8.110979962533687,84.8484490294757,31.784503950632704,Critical
85.62125047370255,86.92559599362245,39.12116040624805,Critical
73.68697123855426,67.01629617797924,0.06754755755663333,Critical
72.07908568145525,87.13538125946874,83.24054335480255,Warning
2.5598890843793365,1.1361760916199608,36.39967291083695,Critical
27.32426785774487,86.25871178413676,60.31075045008293,Critical
27.360206262526706,25.015137621467645,5.875656677493929,Critical
36.61674125830162,11.16629547693177,21.615539027095867,Critical
15.095302632672986,16.903238443788865,88.7613714083081,Warning
91.82134868949862,39.58543382550183,62.952389444154626,Healthy
59.70055443144515,17.4342298781379,98.61462451381738,Healthy
31.6096998089553,27.94845062928715,100.0,Healthy
37.71508606280021,6.5958616315163505,38.26849675851483,Warning
47.1179934230353,24.050330783898154,32.338347127475096,Critical
61.756648849423584,48.928236948696494,91.06058750782654,Healthy
51.675472654223924,40.46228701311246,100.0,Healthy
92.7380833907636,27.884047778131922,60.77518421706099,Healthy
47.90538719744643,71.22188118541276,81.26322444404389,Warning
96.73844010656775,85.32027077090913,78.06274222746868,Warning
87.42082229597732,73.23564025132731,28.489967418741664,Warning
20.179233162793757,26.58718042658119,58.813032096818,Healthy
92.81927246964435,69.28263461850129,83.65564607646817,Healthy
12.47610457638044,3.7712597263582475,72.28064094059786,Warning
82.54083588347058,5.308217650298222,0.0,Warning
33.77434993473581,29.762384336100236,29.15343790261543,Warning
91.65618830387153,79.22782641469112,14.953612237692063,Critical
87.16921546644707,19.39997649602193,24.437753370620246,Warning
79.98458022329567,-3.214894989848243,90.83044658528927,Healthy
80.29558164621538,4.379346323898656,3.7514549421330257,Warning
31.177540490648667,82.62789048077224,18.773890333573394,Critical
10.393116373594324,56.59567736709421,30.540183812898373,Critical
41.91196889296897,21.561452238416603,60.643189708126236,Healthy
19.505990185639668,53.34513888659944,56.62829523088887,Critical
73.54809060742872,45.248733332511584,22.964924377430453,Warning
37.26084630069147,62.4094614441353,15.590115357079862,Critical
97.07956142500579,15.450538364170463,28.85145808888018,Warning
60.7285042663027,84.53634364505766,49.44623964152053,Warning
87.25145016244964,23.212506133171534,28.791138742778834,Warning
12.539297154143505,67.11702023132202,94.25948616000437,Critical
84.78212598718069,-6.589937848113413,51.27997968796877,Warning
87.06553859804612,31.797066626412608,6.140180981904539,Warning
49.72161119782992,28.447043226710523,73.27588326733536,Healthy
61.071953586959054,49.46883371034935,32.46491774458082,Healthy
71.9356352815511,-0.12538257066305158,65.9384289838284,Healthy
18.843684852440784,77.84134098610404,31.55805056826693,Critical
48.762031884239924,14.101267120503406,59.61190570738605,Healthy
47.93724779909739,64.4023570418209,77.29947902409498,Warning
12.929315639952305,79.04387457607483,97.90484949682536,Critical
35.447862232559764,50.869767809447545,28.731671367335412,Critical
4.192902265786254,73.14023037403481,32.171151742306066,Critical
6.414820258074615,60.652917219974874,42.28559696739215,Critical
12.398301532088016,28.285364667187874,91.47244236820917,Warning
94.1367686976209,80.19665148458424,91.37873201671647,Healthy
57.07381861926332,20.15138506069953,10.779429121958083,Warning
92.44115730908244,49.68740386736789,17.27039562528714,Warning
45.125119471760044,72.11990665642783,46.26727980770683,Critical
36.52581245832853,28.292233770482895,9.344461278701917,Critical
52.31400978252968,20.70682972981303,31.025159325246207,Healthy
45.86486381207079,42.041249356023364,10.822140187009428,Critical
13.176649076896844,79.56641386319542,61.72057927532863,Critical
69.21175555504718,94.86236784544109,96.04937990679824,Warning
25.233500131017273,47.54954673271301,100.0,Healthy
63.27780465660203,62.57337785433714,34.67905092982646,Warning
67.73178344172335,90.15926755269608,57.47343595329951,Warning
12.544680536469478,-1.5008762048341548,80.28729582643783,Warning
8.463843483308782,17.592167374277405,12.389263904469384,Critical
75.05949069329273,69.00035845400615,66.76002439928429,Healthy
44.878975121037136,77.3933166369781,45.873460307142366,Critical
0.0,84.19770952394637,21.844042426965192,Critical
100.0,36.433702926559846,39.761024644373876,Healthy
3.8464400663116054,-1.352724094950763,5.672691413858329,Critical
72.83695853146871,35.196232691940565,65.05670419834789,Healthy
99.53847035815757,15.937722501670736,21.17065154400902,Warning
27.29029810569744,26.454095950193782,29.274141640771393,Warning
10.974147234702004,74.17546305381025,10.01142117807336,Critical
15.253652053721787,1.4464618254169728,83.46839586045118,Critical
36.64508378984954,79.5293562793543,50.475712110600895,Critical
12.397056000860353,37.4746907106785,58.7574845558846,Warning
71.58718119549006,57.1100774828177,55.56737111758028,Healthy
6.737972842191073,-0.15508189601803904,46.85476825893013,Critical
49.36820647328288,26.514027321538297,14.012803444265671,Warning
100.0,1.3193561343337827,74.68776654675678,Healthy
76.87877821939568,99.5527197474605,12.049885923503657,Critical
60.26867844833864,79.39995527516582,8.73527638197928,Critical
25.312191671649618,39.527482626149926,68.92151522161116,Healthy
60.2786144972186,14.216777201084454,20.862822396461308,Warning
54.630281666845846,97.71947686877449,30.000691653318047,Critical
44.12451851769854,28.175439762643155,46.347117118836344,Warning
13.223778760626367,6.519460088455277,41.03897276798649,Critical
89.1716245062327,49.65794689696996,66.00357705306841,Healthy
39.32087102853962,90.16335104970457,61.4776299187494,Critical
18.34456434036376,-8.851499497272137,63.23332791469697,Critical
34.73188026842333,17.50301674358887,70.81432248471525,Healthy
39.435796181349076,92.43584808521443,28.93540734867801,Critical
84.55252544012868,8.789515518225915,30.665824154398912,Healthy
70.77991607662427,0.11585626180293751,43.162552518100796,Healthy
75.11644681375174,52.98645066763349,28.185632379042126,Healthy
0.0,85.76581120356555,100.0,Critical
40.73303027684764,41.4117514119966,79.00597219769305,Healthy
44.8709025203915,102.7829735744694,15.352526697206937,Critical
2.1568364683745993,63.03467429568539,0.0,Critical
23.127996734276028,-1.284806998812784,2.0565822041120776,Critical
76.34260904886115,100.9081689244265,24.480269804206365,Critical
13.276913290672875,34.71378704552218,11.122425954036618,Critical
58.54713846438613,21.237325085214096,51.955430318131576,Healthy
23.01184114308333,48.50897789266809,84.94909429807292,Healthy
0.0,26.188518091727644,71.51558143834293,Warning
20.325479227646024,-0.8294606201184365,22.766083221397523,Critical
97.75299951798237,-8.768151411420911,46.09550383035072,Warning
77.36416734312101,40.799609796949134,48.164897121428105,Healthy
87.05255914139579,80.79837946088963,82.20247462153738,Warning
52.834043334137476,52.55961321072599,84.04700718167861,Healthy
13.134291918466573,102.58176758526551,92.97772046517537,Critical
56.358879517844606,19.318735689711108,53.01490393177573,Healthy
43.61576431958334,25.1058932731206,70.04371273524228,Healthy
85.71873858699138,6.082695055181313,11.060575395048415,Warning
7.695177105761814,5.687959795905845,55.22554539645287,Warning
49.438685602830894,21.63514360248233,22.574299887787607,Critical
12.243116791888994,81.62910150876772,42.881151519805755,Critical
37.01645804067404,85.81131509882486,59.551284336418895,Critical
69.02499777653443,96.97755723086556,23.917025815025703,Critical
51.29866442540915,16.5043919851229,8.539066653093814,Critical
37.70557599862892,87.01002993462116,1.318922304114825,Critical
37.97922687097756,26.871903160513092,4.893946811258804,Critical
46.445685605685874,0.9763937325127372,5.243905411352237,Critical
80.70169840524022,84.50329811535545,10.504417288043095,Critical
93.30870910410663,59.674774516479644,24.570848959593913,Warning
96.47289771979344,5.860622393111289,21.216613735771652,Warning
76.01825036974267,37.19206552354991,96.24184213656285,Healthy
31.70757994609864,20.82085584913444,27.741705742897107,Warning
74.26385031864133,70.10731218781194,15.271529453729384,Critical
47.80334666207707,40.516798193866755,55.18213625823274,Healthy
28.193352638978194,95.17947497530375,91.335554755994,Critical
86.47421900295942,-4.436232158210844,70.7221937175392,Healthy
5.940985168052125,33.68638680621686,27.414569944935927,Critical
93.65246371707195,40.83679900944627,58.682642519825805,Healthy
44.777860105307695,47.915692015284,70.57037080273415,Healthy
59.65488948350303,24.86225270424544,76.46102836416124,Healthy
66.14240272278946,69.01051178296964,65.19484389803982,Healthy
87.05902931032057,83.58089476472762,83.92376459683378,Warning
60.501905950589176,93.5384871481354,84.6232806032262,Warning
59.23252274624238,81.46706565957723,55.65966123345559,Healthy
14.121145829670054,82.78539941333241,40.464881617265235,Critical
52.24917609674794,50.39806021872596,62.439204729694666,Healthy
16.10262359078713,82.86844660733027,84.39127574802203,Critical
70.0762884511358,24.06717158896731,5.953343108917025,Warning
45.69093320488956,30.68811227256443,95.2091323548246,Healthy
65.56561999147891,25.058205951750242,22.07991636141937,Warning
8.481876815864672,44.437076720602995,45.59178741807433,Critical
9.482028002809885,21.339875413315006,88.24662107789338,Warning
73.42812408060139,90.2942797890344,17.541601812700044,Critical
9.424131717473522,25.18933906380564,49.25162744207289,Critical
5.351624637131027,0.3879863131153095,7.242280827669729,Critical
5.3747442754088475,44.291699437703045,40.449437755749756,Critical
93.75171703228148,-7.077517551138168,18.48531362038826,Critical
77.96953302368834,4.109962580521474,36.9357977800021,Healthy
36.65204731861244,12.668067320396933,35.141691227373414,Warning
24.286422666026553,39.2635347255636,100.0,Healthy
32.72629451478335,37.586325432129726,100.0,Healthy
72.11053751950188,76.67769882366714,10.848769515137883,Critical
69.62690750542406,71.54230918280797,74.61242885436032,Healthy
18.44535052433959,36.48957228010381,4.887735527213599,Critical
10.725906213559096,24.307471673132003,4.605533010445148,Critical
10.966805616498707,23.789170649642077,10.15575144231416,Critical
64.41877918296885,76.0249662449592,97.19867167412202,Healthy
71.98584865707362,-4.1881992351830775,95.81052361269552,Healthy
31.538540343406492,-8.753503518617022,18.19904430721394,Critical
2.4163537013810172,81.38465159429006,12.465723796608565,Critical
7.336872540702797,43.94817640956649,24.881745668239166,Critical
95.58772914154498,6.101807770536041,55.122873543353,Healthy
25.00463934026871,15.580315989805289,57.86791612241333,Healthy
73.00866808506103,93.01572522141463,23.11376998803385,Critical
66.32110724005163,83.68312733968739,75.5357504895046,Warning
36.772315355932434,69.63145505568524,33.17267289858468,Critical
20.6349293223661,42.82397552890784,91.65532630452722,Healthy
6.005650387337419,47.68035437891355,64.31057430229247,Warning
57.54702069650014,97.59812148554578,46.951014188985766,Critical
79.29281562340306,96.19841506446068,77.3995852154065,Warning
65.52356063445457,19.55597117075331,84.45987544402172,Healthy
58.29033892108878,77.88826373859554,32.36596694676749,Critical
8.223991338057306,10.345270218054461,35.671905179794614,Critical
96.15674484198391,14.877316060858167,89.84780881414244,Healthy
81.29027985959726,63.179895759953084,16.555568563994683,Critical
28.332393341387252,33.96730812193253,3.6090417051175687,Critical
100.0,90.29706287500599,43.917534494948974,Critical
63.63520305178941,0.7741866773661451,80.54924478640218,Healthy
58.7513210932979,47.276334978012535,79.47442967356723,Healthy
75.40850229758226,90.40698422889645,90.57740491088965,Warning
85.51152967079318,90.8821360297057,52.805918414082996,Warning
67.38659427449181,3.5019634482643514,9.283290355157368,Warning
17.48545868783026,28.916440207581523,62.360510570234545,Warning
27.245806820673216,57.76339563271472,77.0682595818894,Warning
94.19204881710137,5.188872331048335,5.629595053697404,Warning
20.915256590341038,92.98501285019381,12.545435592787435,Critical
42.48583634663531,90.00663422996574,2.3172548152649997,Critical
47.84688435598908,9.752559867913094,57.08321272502334,Healthy
44.03900639674914,5.89131752156142,90.67961271040788,Healthy
65.90085118588564,-1.6996426575015637,63.072671634688554,Healthy
99.65692733444827,91.50523471927261,96.58727225926637,Warning
24.292491199028937,12.57170315365202,2.3116587014157117,Critical
19.56593894738738,38.22855848854801,91.60394066179639,Warning
19.653025527984564,38.67326816101233,83.35337136054201,Warning
88.04892716991922,52.29421387312309,32.44002752286029,Healthy
67.17869903127362,-1.968740482937765,94.09484622251365,Healthy
27.529306730489072,12.91586043211731,26.556483584809506,Critical
81.8507132242464,91.01693234295784,89.63341434865652,Warning
90.36530290849633,89.32267351143628,83.01163348304586,Warning
84.7090904256796,75.26411595192785,75.04235682713353,Healthy
86.80759998502953,-7.582744448204713,60.89776344129283,Healthy
26.326060180883747,27.377057167410467,11.460408314147681,Critical
73.41531213747065,58.339989721167925,48.73153953255397,Healthy
48.64976319929764,21.062318308298337,33.857397822465046,Warning
86.28842443648489,90.08416847577652,77.32962633850245,Warning
77.26326876066088,61.5988295933255,82.23384698919418,Healthy
80.36734155235055,-2.4674447974036173,96.05828797880221,Healthy
68.88691661908135,89.83276142037823,3.6758225454755213,Critical
15.735586666557545,94.60553150338666,79.88109389008042,Critical
56.914651377365345,-1.7761310568271873,97.44809429540605,Healthy
100.0,46.99264957805289,75.52966599366364,Healthy
91.67285692380159,21.604876471271727,16.24917193276945,Warning
9.716588454882462,34.76382918351971,10.911831096348905,Critical
14.833431299339722,7.595230608718406,1.6304867768222389,Critical
10.616963610306268,52.949695041969576,66.29208152285942,Warning
73.48659232859407,97.40841442991996,61.62560179759718,Warning
83.92626423408095,44.63258443986978,94.89611462752653,Healthy
24.086387002983987,0.7780848607640762,42.73821244940934,Critical
47.69998203286329,57.01805524106124,32.93489970233129,Healthy
85.37392309288286,25.322202176937886,64.24783452833525,Healthy
71.22349076217454,80.96211914524112,88.02352702543762,Warning
49.7569537809731,40.44004445335705,91.5106327351113,Healthy
56.24856009927893,8.938614620378186,79.88227810338394,Healthy
48.583353593760535,12.51599167627613,47.37630157531362,Healthy
31.319630612939577,72.56416582574087,65.49761872377226,Warning
59.95884027510762,21.849403649689233,83.5305844389979,Healthy
64.46891031538325,78.80923880674473,46.19591572055551,Warning
88.38817480870493,9.274544064945259,20.08442245022923,Warning
60.09904084061208,23.215987688826406,14.757099860378663,Warning
77.9994099313578,42.74983069597339,0.7278188162742654,Warning
14.138971752446055,94.77762931301122,72.05910301972122,Critical
43.00176038790915,94.04430043244109,11.947434147425103,Critical
3.332155528752054,11.608395195642906,21.861471564914694,Critical
22.90711863582702,33.379162858784746,29.57513142970357,Critical
71.69827965724238,6.670031663294503,49.87088669180819,Healthy
92.52102787226721,43.66443357079764,40.230746681661024,Healthy
12.757464042992012,40.15778357632744,70.99372113718378,Warning
42.61215714963615,86.6764840771229,1.2896282048317307,Critical
80.0234704027599,95.48247427412619,13.844204118386328,Critical
15.820820638822607,30.871750485201893,48.08810729804498,Warning
59.13660246523291,45.07614070157808,36.10398224576309,Healthy
71.3083394438851,87.64464111611028,30.057278628772806,Critical
60.23848467571614,77.50708423243174,7.916920241733595,Critical
25.738605630620206,-13.41831411465068,89.76638917106646,Critical
33.42754753624626,26.402901266175213,73.16685403165815,Healthy
80.60580833581922,38.99352911823221,13.204047115050246,Warning
57.108928199449515,13.436856042425184,4.388324631706708,Warning
1.693477932931529,8.862419518555921,97.78339850008732,Warning
76.94507763047291,-4.237072188999578,67.01061191505235,Healthy
4.660301179691505,57.478187059461156,42.232806828932915,Critical
75.38920004594483,21.315197825044738,68.91379493847803,Healthy
20.092300940195557,-6.0506006184648005,73.60274644137696,Warning
100.0,13.201138672437747,78.59403687712327,Healthy
32.856093447810615,78.7074596542365,47.95509945115543,Critical
35.75753594585404,81.58753141109725,46.18014334762234,Critical
17.355831929307122,41.723064808676874,0.0,Critical
32.65561891300969,36.47573761029749,86.71314997169789,Healthy
91.01601446574044,92.70568161086271,59.23917544350437,Warning
99.35563557691955,15.346951046544335,15.436101442247079,Warning
31.224030823204203,13.776801378938409,93.20735786443339,Healthy
44.6441851163108,19.519457449196914,86.47149639198327,Healthy
69.23351116740004,6.968814272345921,95.95330324936728,Healthy
86.42400041693327,33.71350855898213,86.31865293907329,Healthy
55.57717439718118,91.39387083902112,100.0,Warning
37.72053524245143,60.46182378371359,21.249948465182506,Critical
39.47231300291203,33.948634657740534,84.26217346936316,Healthy
62.42910515989938,93.37835507713524,84.04276061044823,Warning
2.4224920942747357,-3.815798604092189,27.546217581735466,Critical
68.61989931999872,14.520914569709227,12.177139155263308,Warning
37.368012624624605,54.50230880805763,100.0,Healthy
78.81096125810575,56.27626073956101,32.19537632861566,Warning
9.134824795284569,-5.877014813633515,83.46181013259218,Critical
57.55726909079952,33.11396387862425,1.4917917804115297,Warning
48.36741374021325,61.30171238468324,4.648463578476889,Critical
64.12152830830304,68.18462566850012,43.717630000614776,Warning
3.962214157101952,56.887318276268225,22.132188763334288,Critical
63.04704390965662,27.48069781862027,66.57455145821525,Healthy
51.68699608882306,-1.9911506527574532,58.87430151469953,Healthy
58.22100407119983,36.36762846673229,7.5407363840617485,Warning
60.04517377769288,6.6508719604183515,15.300291948566414,Warning
73.34928916783345,94.8946218732402,34.959917255882466,Critical
81.52149376582163,42.94785515901643,18.35822363596194,Warning
25.902355401271688,22.537257088665214,77.51946965943861,Healthy
81.76181942270271,72.20527595143132,42.337042251120494,Warning
49.94528830990465,46.65685797738686,5.914285088313575,Critical
4.277455828443914,22.925455550400727,48.96800900573109,Critical
3.5544843490441846,78.32662791638849,7.766965794644954,Critical
28.06899996203051,87.31463911223284,9.145839764776278,Critical
75.72076701602448,61.93107120101541,19.97913108918609,Critical
71.04981291907292,-4.295443269384081,82.42170936068091,Healthy
79.7620216150942,52.38133147065391,91.84205606097557,Healthy
45.78891655917173,73.95706886797448,82.9887592362974,Healthy
43.608264686416454,3.978460065439031,34.21719263891627,Warning
16.43548252309479,13.994072289379712,28.167302864068507,Critical
32.33053878080245,84.91773322990528,52.639999296086316,Critical
41.500570680054125,-6.821280544079242,75.36052477759675,Healthy
7.623559532817081,71.4636867778239,98.01060223799303,Critical
20.43890520618946,44.05255141892102,14.507520468071819,Critical
57.91233772904971,38.69582738917545,4.436733601898992,Warning
74.08778199965353,-11.336282404404486,70.56245259463623,Healthy
100.0,79.65817764201736,82.5795941519558,Warning
91.08023338364022,28.759024671749362,85.81578261636602,Healthy
63.30209205553488,51.50242626651582,67.82418829807509,Healthy
41.96971151128151,63.76507511841947,97.84310212387076,Warning
61.555673167748395,66.73683264577008,48.644421224825095,Healthy
81.85986921859347,97.98089988185282,86.07180582594951,Warning
4.720962972419418,49.4639294989537,93.86114144085002,Warning
39.3973114584928,37.29456263919403,87.92250094602488,Healthy
86.4351697725216,97.42548892221569,30.512179866198842,Critical
37.501012268138496,58.85780067608161,19.89775200366921,Critical
54.72471024616778,24.77644089922133,51.65109665604268,Healthy
60.09920634953611,6.961673578542008,45.49813621346968,Healthy
21.166655019555392,85.74662142581678,84.7073962870552,Critical
36.855450500874014,31.816168274510048,7.375823281557107,Critical
31.047467794754567,64.58671533990578,24.56655508268022,Critical
3.9882808106617094,41.184484042897694,76.51518622539729,Warning
1.2130284883111546,10.20751160875507,11.154207239658742,Critical
85.40526501325884,55.48109231045624,33.81357609598353,Healthy
31.756857651851014,-6.654440418290472,33.951287060265194,Critical
43.991146356815946,38.15326121667455,62.23938615509822,Healthy
30.205759778464202,49.56105744416839,15.22291907178825,Critical
88.86072270069116,40.547828611173614,81.4639017867266,Healthy
33.25504164256669,69.89094012316579,44.80217484679402,Critical
41.56130767250494,83.2369948419888,90.95088953574536,Critical
89.5121447739363,73.84697682729094,48.32156837974682,Warning
84.08740610039618,-8.299314557320116,27.747767122792744,Critical
16.200888042470552,14.608400853376457,12.534921277917729,Critical
77.49817183803876,51.24144935769672,3.1517968224994135,Warning
50.57572619309154,93.25400928918971,46.552047996158194,Critical
51.16470138907046,81.91312102600277,10.522874307403512,Critical
19.17874950372707,83.55781595633643,33.88302356714201,Critical
8.226511381185562,23.74215846939906,56.19059631009031,Warning
73.65768956111452,35.65471677031434,29.143030799298078,Warning
48.84454053856411,40.95354966518327,13.699836795289116,Critical
42.823823652172926,11.23230983256755,73.20100880482237,Healthy
69.82516206780757,-1.2381921878537776,100.0,Healthy
76.80332047188402,97.28465595111822,5.9661746319361075,Critical
13.523076982276764,17.434832303310987,20.510595147764704,Critical
62.34824171425674,15.718881344195575,95.48465923153408,Healthy
14.045438884709181,-2.424675873230382,2.2039348169077018,Critical
76.00055473393174,90.67128789295523,99.46359282681183,Warning
70.72090544578464,52.6645473260014,4.474230535132374,Warning
95.54830825904902,67.67638236664047,83.92866173880816,Healthy
9.165982644202403,93.88602219170097,29.20176872958936,Critical
11.860000507382175,29.510775358957638,96.39949502178241,Warning
32.13855867720516,56.444577872363595,32.55851180083955,Critical
29.630077468955133,-3.9459481264003067,68.73638564532975,Warning
23.777815260638484,10.067744048403018,9.548592839889004,Critical
91.31438721880706,77.13101968260544,29.65765317282134,Critical
20.999791108860784,74.91872047201944,77.90370044442602,Warning
28.691715815756343,26.886869978618048,53.534018812874855,Warning
76.7632067746379,29.8330621969833,93.76207029475187,Healthy
45.04413962052254,48.19017170375773,42.44767427895575,Warning
80.7526400602467,-10.970135430520026,89.52549805779508,Healthy
2.9132912891653344,16.468363325975048,45.60666741941283,Critical
53.661707920819474,12.740837846869178,100.0,Healthy
6.066654082149115,13.801505956778717,98.81693770076016,Warning
6.05341840657953,81.69019865644421,34.19903460028902,Critical
90.19755657098891,18.797370774211387,90.0975160143829,Healthy
15.3663707575053,9.162548655255351,81.73014805877533,Warning
57.80462192371305,44.811874183652876,19.41697896929682,Warning
41.41438341614068,85.00428430626192,64.95919043729917,Critical
35.16642533182195,19.466427055788664,11.539125104437026,Critical
90.03769000160486,-0.8221663886823419,77.84978138182109,Healthy
7.528412015653368,30.337451911682184,15.750998908595408,Critical
65.27231930874784,72.79077307731411,7.152331945820402,Critical
96.25092062549783,51.038883081424956,37.38408616763908,Healthy
60.40712530896718,80.46672965935223,55.2246549274193,Healthy
94.12327870414776,91.68966795187785,86.91645547735851,Warning
8.636964508738943,76.69303547299883,100.0,Critical
39.145491736707264,58.742860893955196,37.853780588019944,Warning
25.39990153131957,52.15223670737522,5.533263851581933,Critical
77.53539861339367,-8.001018366769687,76.30139892795823,Healthy
96.10068990243403,99.12157759019324,58.857967538994465,Warning
25.19910912511566,31.040830327505994,45.74651651365343,Warning
66.18751584008189,10.840407338649047,36.21109552902731,Healthy
16.842299721995055,60.63040857202728,50.326572564330945,Critical
55.2915951012953,22.521590781132286,37.80393881687938,Healthy
46.731158714310546,51.62118760340687,73.76208376369813,Healthy
97.34057816563958,53.90733652678337,54.563318489030664,Healthy
64.69378333215806,38.961653637815985,84.04663218801464,Healthy
39.57500879317864,84.1124310734339,57.05698478659119,Critical
8.841323872790603,16.992043118781677,23.464912746069473,Critical
15.458488430995924,40.67635117564553,86.18265141077414,Warning
24.554437920397806,49.18368959178276,54.78179859914918,Healthy
29.645708531427392,63.54430605697491,22.44338931933317,Critical
87.21707667606518,78.15356898498513,63.54308291718947,Healthy
56.995019033029486,30.863687730597594,32.787722204329135,Healthy
54.33871873338454,62.68635379692275,81.63025893145755,Healthy
13.498193689930527,5.429395131358255,45.24666767363023,Critical
83.23082645809039,94.78303796962629,74.62285768296165,Warning
72.85982669836717,32.80558397538615,15.142307422965258,Warning
11.144319172566233,69.82829965437412,40.51140720023181,Critical
70.16143941689486,-8.942532931142102,100.0,Healthy
54.74216166190694,14.21717570823943,76.00747614342232,Healthy
7.44498522609976,46.10098324655543,22.03294778499481,Critical
38.88848566604502,85.54206836883775,29.593463581113088,Critical
48.53139924470873,45.73205336301169,32.83276735215976,Warning
17.482829808286194,93.67417513821715,64.5424679071708,Critical
93.03233452738553,40.3205967400402,72.37787655538857,Healthy
81.533626301412,41.33837576578855,72.48880049363046,Healthy
64.26041435356588,1.0467461840027097,56.71871252704052,Healthy
48.52211894846741,77.46128589066669,78.11504046895709,Warning
47.09412847759157,14.493531592945986,40.68300500214847,Warning
69.2446467378117,85.0797740121915,10.281395071329454,Critical
50.510148926198895,87.91977584766933,52.84964190649751,Warning
8.79119251984067,95.0490611993017,95.2760581846472,Critical
49.260777749605296,44.68226565708636,82.56609667724685,Healthy
78.89356053575762,63.79977697029254,56.03858779040814,Healthy
44.53806096578195,79.5301437315141,60.56059319562722,Warning
7.313858604993133,4.313259791497035,93.93178664260122,Warning
81.50558006775042,56.790353429183874,42.666956430456615,Healthy
19.842284999758075,-8.119310893138822,36.14758754450861,Critical
25.618871265779802,49.05921888016013,96.36063160213808,Healthy
17.863426572936966,5.950105999948156,85.56384301215331,Warning
34.725490105722486,9.665312486926284,31.85576736823043,Warning
79.20382768913909,32.789349692120894,46.64507206775273,Healthy
48.085470023866144,37.20461984910809,40.33012786870714,Healthy
20.548209434483343,58.64474426389103,13.245635543005363,Critical
84.57893468753055,-2.376250613341537,90.23079932668038,Healthy
87.80535865796271,44.85642898000446,38.73508149461553,Healthy
86.3793166415584,10.829768349497305,89.67857806803606,Healthy
23.739372776445823,54.243155631887824,21.486359326173165,Critical
42.72470575376722,58.828010486305054,53.37374199294808,Warning
94.03709623446522,49.705857308520066,6.294596506972267,Warning
70.91793505085433,69.99423397489872,76.3359361691298,Healthy
2.3232016597614606,24.11450883809961,54.07785070918,Warning
5.227455808550388,70.9808645626058,57.6018061776125,Critical
44.36532468682179,38.19871328235112,8.826862023324525,Critical
94.889665974651,45.137486421835874,19.98482184507832,Warning
51.29186523488549,63.033324585008295,3.790893666140279,Critical
54.031753049845435,-12.744560306358682,22.11360306607457,Critical
15.41890122847083,61.44923418214079,61.55675243558967,Critical
59.825309072061266,55.84018248674757,57.83285100872661,Healthy
82.48746043701946,24.370657718502507,59.121908729200406,Healthy
36.84291127824826,-1.3982756986749199,51.765391657387816,Warning
68.82577325838096,1.1867233029237028,25.654752261765754,Warning
92.11374163087591,91.51630598757247,28.18032579187709,Critical
22.70145423409433,62.028721545006306,9.527023500632556,Critical
58.390560877607925,2.047115769182361,82.98198439908167,Healthy
31.4218302365553,29.25111885363301,65.28020907297721,Healthy
80.25633932092288,55.35335018763778,20.133630118677235,Warning
57.69533944322249,79.10153394456334,18.25832142346082,Critical
68.50623049897472,-8.270217248661305,85.35822174636492,Healthy
86.23613356746233,16.142135136847333,74.36460081983321,Healthy
37.83651922767293,85.06505432039074,64.32642078517723,Critical
85.50904715977344,-12.329048332781758,38.10825236071772,Warning
47.00832433480039,11.263620282064931,22.957384001946533,Warning
19.761125260014207,94.51576717434895,100.0,Critical
69.44873619455709,55.717402162760216,79.54273910563161,Healthy
79.8758607752016,17.376376416675782,31.121463545035734,Healthy
26.30421472788253,-2.6033081700119736,85.21149918525369,Warning
83.4583589615099,-8.3392783581652,77.21595134489323,Healthy
89.7278830348743,17.063352803391677,28.943898617842162,Warning
28.313963887873108,86.20250308254549,41.21031307100025,Critical
97.15637115478093,36.085802283499355,16.1495035509293,Warning
10.959174209971813,70.99308173913252,6.863337037589594,Critical
17.847865862441427,92.68984958257654,68.91010377210092,Critical
22.04745378164431,37.46087171844199,25.654932572085997,Critical
90.13332485959754,12.716804607907997,77.19681812131893,Healthy
67.26572565336285,47.360087457344754,95.41401343903452,Healthy
12.513806889595298,89.0223423013037,10.7884010708704,Critical
35.170871380633024,77.70566370951461,47.9760509629314,Critical
59.960489586326716,-4.514271842924705,78.85074574646974,Healthy
5.746696835661839,66.19206659063713,85.70981303083704,Critical
89.28867364661811,54.30350242790878,71.05496667695776,Healthy
90.21752468519904,88.36961419234076,37.82632735957656,Critical
52.60617541051859,3.398520136205148,45.050927320166984,Healthy
100.0,47.389247995068686,61.85197680288546,Healthy
43.48240701352832,87.15960494668339,97.72091950913814,Critical
96.52137319093164,34.003849773691826,27.137991907113516,Healthy
67.83574811472536,41.54041980802727,92.60077017436225,Healthy
68.80904312382727,-3.6092588464986384,27.942359381968206,Critical
22.084177318542217,21.602457997071326,92.33149065179721,Warning
86.46676372633516,25.5022325979235,72.85851356416487,Healthy
43.508519879159415,93.10662590193749,47.28477081837341,Critical
11.935539939234499,21.616218664621915,63.35500602676998,Warning
3.7347578716501935,39.86652844472642,23.756528735291745,Critical
60.63563246100594,66.09652237944218,29.489238317583514,Critical
52.859360574615685,5.89243865748,14.623967763038552,Warning
69.93321007383547,43.134719559971636,12.165734454953414,Warning
90.1061981556129,68.42976389901584,34.739059471328844,Warning
9.19303555839245,84.66032464919707,73.60478341494192,Critical
73.39308052958509,55.529249217453675,60.14849600646627,Healthy
19.27733978276608,65.08851972998252,8.722367490324242,Critical
85.29626076430829,5.424189518313743,86.93963940976914,Healthy
84.89421617084483,95.60375504454714,57.58713492365443,Warning
56.28805783404982,4.640893483641994,97.77950984298865,Healthy
68.07497042089871,73.45428228057763,64.50159005293179,Healthy
28.403239508899055,17.52911413154317,16.730428707938046,Critical
46.35366664220178,95.7555899175787,49.226469421820674,Critical
84.3742011433627,72.06690353824234,62.738369594762275,Healthy
46.37069195899384,73.16461874152213,4.778079571930575,Critical
33.85037530217621,13.06524096842651,3.1500088884948942,Critical
50.20580051520748,41.471644275264715,12.127448039725959,Critical
81.83249368515501,56.57044508205189,28.65179310861444,Warning
36.16226411775967,75.15479641891793,43.188265377998896,Critical
18.375334618775522,4.139445961159769,52.050876955734886,Critical
70.25556747072164,94.18750781066886,19.183155668421215,Critical
83.29237758694757,89.58272093227538,66.61525484647915,Warning
14.008892030925939,20.77946654620202,61.54867112173567,Warning
22.27852104595534,80.4245936490934,27.533706108147395,Critical
15.405169921040873,45.02876433611435,0.0,Critical
34.58276013681867,39.349833451615496,7.178412563169789,Critical
46.316048942127566,25.16665378495591,35.081676711835556,Warning
72.91893887154345,51.0598709397124,12.584611777626463,Warning
65.44576478764554,70.54929066543227,39.456258412760285,Warning
65.41632659509352,36.284721514026735,61.277313404689,Healthy
32.42647371722712,61.184551576530325,56.85528504929393,Warning
80.15653999850075,64.12770717816296,24.015824127791888,Critical
43.25435004635556,70.855894466004,39.935711311932586,Critical
94.39850621091489,-0.8930022172103018,62.9761317015932,Healthy
65.20018369325167,85.39256176078455,89.42815701518282,Warning
8.408895098853876,38.33176746130595,76.52699786327037,Warning
66.7240701733128,18.209550409863105,56.27418318657571,Healthy
34.36526945310202,16.49890133252796,39.72349895798856,Warning
69.88269685025551,43.67247943029567,38.51152015177634,Healthy
5.807437876353118,87.59543244687272,88.5719218653119,Critical
18.060914912861257,32.180564270880396,4.541321601843793,Critical
85.89516187979133,72.28833863151151,100.0,Healthy
22.04523283570693,1.1802745976185336,64.42342052677657,Healthy
83.07160836833026,41.44519039429417,65.97237150882295,Healthy
34.63389114971193,98.40910200923598,8.076001527593013,Critical
66.71612371766467,73.59610796620373,66.1461684807072,Healthy
76.85701010351953,16.99265279747557,45.6911586338142,Healthy
49.77458591574379,48.08636367911882,8.570907392087586,Warning
30.276167879008685,16.80931238136955,31.219769535448343,Critical
17.26806034127967,37.7023199934115,90.63200560079231,Healthy
0.8902350499739051,77.40616528880189,57.02812590255806,Critical
36.100379570059886,75.1972720009725,44.03146140195004,Critical
63.75017618360303,12.079898887222999,6.546019098848867,Warning
99.58832574528164,90.92023715678434,72.40206251520112,Warning
83.39036144426552,54.51242432009425,71.04165879169753,Healthy
73.44607055131043,29.52552165963728,58.82888589651998,Healthy
77.8210406622596,42.24058933668144,51.97153745171203,Healthy
66.30724058256199,57.54327657128585,47.09157230918627,Healthy
28.797947633950688,52.236967147778024,58.32470958226914,Healthy
92.07181432214179,41.16975994884438,23.79725291906347,Warning
65.82428541855131,44.050851436961636,94.74603316579733,Healthy
55.644115678489676,11.727754693375806,58.02545926671714,Healthy
10.141758161994007,77.64522644648162,33.14994814852073,Critical
41.96159317466535,49.935233001379295,42.92778819475076,Warning
43.37193831038776,4.0392281883813785,84.56641544377705,Healthy
89.54001262656722,75.2900081162297,18.040222757926482,Critical
49.18032723499743,90.85662231619573,26.473256444007355,Critical
42.89213098937613,94.38392587114605,73.0448313283143,Critical
96.65105017425924,30.92939571992076,32.05322503200718,Healthy
8.754533513455087,5.367217704141383,77.08132563444144,Warning
44.47412070328627,47.18210664556239,16.359012292709657,Critical
8.65811726958188,3.076233869602496,77.75263160380493,Warning
77.34330940150491,97.12215670048951,1.5192923723545082,Critical
93.31321136799474,15.316354562608272,0.0,Warning
31.26432342421445,16.525812313054605,90.65964389488084,Healthy
80.68467494848049,30.093531996641747,51.65522166030189,Healthy
27.65633142172533,33.33908214294779,35.437899964843325,Warning
88.34350598431699,77.78542308357032,23.73340181450082,Critical
79.07010655332392,42.31693397897302,58.13810267895414,Healthy
79.3402436273722,9.354280399797693,51.71215301245371,Healthy
4.336875230391616,19.510296382519588,99.18216907037362,Warning
97.88860653486852,48.26028556238187,94.74771634771953,Healthy
70.08017839854128,8.75749209370252,66.26113825474944,Healthy
28.714234908684478,54.50900420349955,46.80061199489246,Critical
86.82091955832887,50.598991346346885,48.244885652909126,Healthy
25.825671895439758,68.406068883471,67.65216265351071,Warning
87.64998678719924,93.3443829395796,12.336246236324174,Critical
8.910415182214365,89.89603531442262,32.2332179517364,Critical
69.42674118533199,94.93673234329522,1.7344994987999218,Critical
53.93136183258112,18.910925251241302,8.796885623891738,Warning
7.304847488651608,7.9176031517704635,17.144146227207848,Critical
21.30804196393225,24.408263102155136,47.355796296069904,Warning
2.099223638063806,86.75470164738839,82.85104382013336,Critical
44.34258432007706,96.63112975818807,48.14765369456086,Critical
27.69455340890402,84.37504013523325,33.55286586370859,Critical
57.01858899866997,3.131229803992114,9.764300860066605,Warning
29.490056631867763,94.99341585344513,56.54555414993506,Critical
32.823016053897994,40.670176310809474,24.369265346184324,Critical
78.83890578209714,-9.898894286650913,61.312522245111616,Healthy
2.6365293398540093,39.4328125498349,97.82723149701931,Warning
96.74043189919236,-0.22296854021038115,11.947512837641497,Critical
82.21227285699776,48.65615753391573,22.08020569494385,Warning
70.03111389262426,27.53124041041636,55.071777496269846,Healthy
57.1570676486921,40.18808169309733,93.33380222283122,Healthy
86.6174800043552,57.61291348099774,80.12125248759344,Healthy
16.29874948251828,84.00768624368494,93.37304673378219,Critical
7.739573120135504,64.90277521889483,34.84983676934987,Critical
25.69093350405464,38.04001325066267,97.25290119324023,Healthy
81.46743198373349,78.26626938377557,15.27728569721862,Critical
0.6350716266046676,91.29517052862788,0.0,Critical
55.31170564581516,3.532928385284868,83.51046261374933,Healthy
96.79383553904034,50.41826508525397,96.24153361236706,Healthy
85.23554617659741,19.000990315773358,7.948200944342622,Warning
51.51410209178633,-4.085619409038463,16.132136248984708,Critical
3.5135645424548496,65.0868198518278,0.0,Critical
83.94616252076072,84.05803054004335,7.114450582428386,Critical
66.68555724272701,5.401286538577041,19.347067169647165,Warning
9.97915332045123,79.28228734788827,98.25985972360968,Critical
8.08519301872502,86.32976127662545,66.11996177282798,Critical
92.64166665463235,92.8293093545813,76.38410479416694,Warning
65.24357741859745,18.324502929954612,81.87512966244779,Healthy
84.93557337683009,86.86866629813493,58.04770990408892,Warning
85.7422619078896,24.4105435803084,78.50575847417905,Healthy
62.67359402756413,49.820226178641484,54.451449817007976,Healthy
52.778960093281015,-3.551284641839411,24.98215827277362,Warning
41.182672184868885,-5.383083285246447,56.828881221181135,Healthy
29.928583680704108,67.73452497706803,55.31872548010774,Critical
41.918196827747074,41.10132371207835,82.53429873266771,Healthy
81.50621457176226,18.4730130255036,97.95999741692363,Healthy
56.38609007870931,11.816315868202006,38.690628698010805,Healthy
87.2485039841061,60.244913126251454,78.30400722587748,Healthy
42.65301976714249,-14.804359898607185,15.010856540510085,Critical
60.661893971604584,75.77293704876516,71.0325039128222,Healthy
62.317426231258494,-2.2436301769213824,36.90918763296007,Warning
54.69603273646116,12.216569675120757,1.0279712407278652,Warning
69.06390925776523,27.80150974208526,31.853219874056165,Healthy
23.444694787925723,46.520165497515364,57.67434747981123,Healthy
49.35208424933972,29.390594793073856,13.06403533519987,Warning
12.482806747977762,27.998928134172147,93.61833583579896,Warning
41.209358050742196,94.25882116310247,12.148104610808257,Critical
48.53154676293826,61.58148480511835,93.027016624753,Warning
65.91405071509944,-7.251983049645722,65.43908690395992,Healthy
88.56993726657254,38.95472255498356,32.256708914292446,Healthy
58.801798338350096,85.7833742366373,34.915897554261974,Critical
77.3738566929297,24.106610923188654,70.4605488140084,Healthy
49.356296199982445,2.6055885627251056,61.88878726334022,Healthy
61.19861810845725,72.11997228710742,67.74683486227778,Healthy
13.926288391470136,57.146009977948246,40.679158437653996,Critical
30.896389654772115,48.958651386470734,47.70886963894471,Warning
37.588034057960336,-2.701572405058413,100.0,Warning
50.6660673350915,9.364216164431884,20.152078355101438,Critical
0.0,55.99156148794513,45.13566715043988,Critical
11.63975543344565,12.677860039616052,30.216235575811357,Critical
26.271557159611124,47.2086713741549,75.89016043253113,Healthy
96.44532879350423,49.999820410166386,77.03754169910036,Healthy
31.664868647383187,21.515990032789787,29.190963996814833,Critical
40.55402693665921,93.54476822651694,12.92735120923706,Critical
20.76784512996497,81.81474724573744,1.879580534956772,Critical
62.708969492418646,69.28769753243708,42.74021530706503,Warning
32.87401792636737,-1.3373318506862895,40.31828686242469,Critical
18.33433004951779,-0.6885803991624813,100.0,Healthy
49.046773371258205,44.07390407325307,49.10394758692848,Healthy
0.0,10.815536288427078,24.82031206660418,Critical
0.0,96.77093340106434,85.6560195592783,Critical
24.610216253372293,4.962715777265782,46.40089055022279,Warning
1.836832663503956,43.31862976506428,59.365075902431194,Warning
17.232909868700084,28.624090628317,13.613653561178516,Critical
33.11628042650659,57.65582270930689,37.541110845236666,Critical
80.69954481084694,4.4723419013019825,92.63999661748198,Healthy
53.11555509518531,35.91424301036084,53.6683804777966,Healthy
52.12843363116748,18.96812527507925,38.990809821053055,Healthy
23.41092293625408,87.95952247465647,64.27380250110369,Critical
95.25646580832107,-8.60192085590821,93.4291388678292,Healthy
41.87478865242541,87.02688504020827,30.28412420304713,Critical
12.78715095258668,82.97109962983392,50.01748116079055,Critical
58.64674545547707,18.87111160704153,96.12283729241814,Healthy
11.865525702552398,74.86861662386681,21.705420155701248,Critical
36.21376395832873,-10.166187433514644,72.50513522762856,Warning
52.068038786771815,95.38293759857562,63.21067669049022,Warning
84.82635464311304,48.78156118017915,70.57916526566501,Healthy
42.17871236534345,23.58558876466373,37.0507570640249,Warning
71.26675749381987,34.66790016432905,31.003429837577013,Healthy
98.82418486497728,-0.5215798837672887,68.31931553039529,Healthy
11.448900210913841,96.96613084431111,23.887249824382362,Critical
29.76498864309835,-8.071996043076652,44.29348306570469,Critical
39.32284894530134,67.45315942821549,22.322162402350184,Critical
38.22523269557974,40.82609605917714,2.48377506226249,Critical
35.30775065926591,95.5595232152978,98.79555284458311,Critical
87.374210460256,17.209675058178703,41.83159776528856,Healthy
78.582301330986,49.07659376813128,95.19151290876682,Healthy
62.95885173086869,40.095036393137974,16.37424399983709,Warning
31.503108812203244,67.62938718590469,57.01412274169948,Warning
81.83405564057206,-2.3764116903157153,20.035300269773373,Critical
94.76387232865659,9.508526616366073,83.14448241924136,Healthy
85.62141620509993,12.525077303076523,82.03200975313278,Healthy
0.0,74.22693581947297,12.16608139632273,Critical
65.37089825039358,10.554906755351684,90.31802654813778,Healthy
4.06825429333529,57.226436633073654,19.092827989291948,Critical
31.581191928877374,10.19546138213014,63.90071458210288,Healthy
8.17933555751208,83.73448413678614,98.45386417643192,Critical
64.11621573898965,90.5458428913664,86.56480629760559,Warning
66.90576202519595,44.615382335862776,99.30371712534081,Healthy
14.623172144292777,27.097565851691016,34.80467753919979,Critical
37.44615602831388,16.376974505466087,8.825796758971098,Critical
45.95375536735275,-3.9904374903044113,20.2715078957429,Critical
41.81044518795004,18.17642774246928,52.96314474723891,Warning
8.974174878250047,57.510336679311806,76.29994863296892,Critical
42.504522212663744,51.6532481900775,14.414002678328718,Critical
76.431820556398,93.27301117882931,65.23310312331047,Warning
8.660779595727975,31.35791853348479,33.71462190130161,Critical
6.66564792890995,66.87482921826357,36.01623220779492,Critical
41.73592148602266,44.234392563309704,64.53735128195417,Healthy
90.28777550587172,45.73803082166335,42.22168842560395,Healthy
71.23392083818882,19.752236637735933,84.2987255663976,Healthy
71.51219248403139,37.73452577180393,12.232015154551068,Warning
41.89466545259755,43.30617535775077,79.80837959183548,Healthy
54.60139782473038,65.73694320286899,6.02758210955004,Critical
0.0,92.25926059986566,19.892719740172723,Critical
68.08543381843914,27.522944155378624,70.56867336543712,Healthy
85.69757729373275,-2.9500305260367035,94.60741049197262,Healthy
56.43797013136068,47.764012941163045,20.367650539739078,Warning
85.90493598650002,52.00234301334169,35.670879048890065,Healthy
72.97328691247618,7.880316256907115,53.243331510641056,Healthy
16.832516861315348,70.56904055216641,24.300844190067888,Critical
89.6895329837931,101.15231309976987,83.98741538728805,Warning
4.819666991383871,96.77661084874066,81.59289892217056,Critical
54.33091706786566,10.337711963894748,15.384065942066254,Warning
15.62250182922897,88.13233446473279,43.71424372679814,Critical
2.49438053960122,66.82994441742385,80.265725131591,Critical
41.669467388909865,42.92567578578373,34.08694583877367,Warning
23.63881242366117,48.43748005091263,62.60915262637077,Healthy
45.8472014124413,87.4133218231674,3.5926405036423867,Critical
61.98080192925747,44.387084455417536,63.88788276024718,Healthy
4.935114044824535,34.64790029093593,20.075406476082833,Critical
11.332763155053394,43.32962969355868,79.47227483534623,Warning
59.21874529016446,54.514337652743784,37.41080308548464,Healthy
30.92638542015898,8.859983518929642,27.038224716551635,Critical
72.24130435380577,90.78782883360736,79.68708047657216,Warning
65.64244007471608,65.95864743693177,5.4575197694700455,Critical
83.2363037891068,64.45362874352615,37.1614665928658,Healthy
69.55157113562733,1.9086644743094936,32.26709437410255,Healthy
42.43002594474952,57.90732160399729,26.134816008281483,Critical
63.098633096085614,2.3640120932265924,88.09211144640615,Healthy
28.08255107117902,-0.2604969832356274,73.15277879248205,Warning
26.646294503282665,47.244416103288096,2.41466418833281,Critical
79.39536136736949,34.53813026279845,70.28332461761677,Healthy
48.764359112608545,55.11816104027614,50.59016592862748,Healthy
78.99496446000708,-0.8901712604020958,91.21363107159489,Healthy
78.72778797691488,37.534027106282416,33.07517869403079,Healthy
85.37527032651343,8.475948315540537,58.19664569129362,Healthy
89.16761025988514,97.82154720158513,49.369194100478076,Warning
44.88204905922403,53.879852670873724,48.16880783568362,Warning
31.442715589545323,65.96888198714822,43.09931498948717,Critical
63.34916441440511,26.49014341948741,18.123963574998317,Warning
40.60621113079477,-2.493328912243215,77.68180385347549,Healthy
59.648175166579094,98.1927115698498,39.85449547797748,Critical
72.70541346830173,22.54934082010063,95.60945268532176,Healthy
67.66079262172515,35.82222312371566,25.110255534594028,Warning
37.557159357507636,65.65509073980463,70.07178026682878,Warning
15.601717580824344,-11.861751782895888,89.79667201364379,Critical
45.35230172576988,80.69723862844265,66.38327441806707,Warning
18.55837923831961,50.44921051305795,88.15624378581678,Warning
91.40564813995427,21.68705644156926,77.03390231982863,Healthy
37.3535558776418,-2.8706962065511368,32.78878763031517,Critical
18.215075034039565,8.976184347438634,59.737024453511275,Warning
4.198543757579218,90.19007543298984,17.168574704038473,Critical
61.164380151017625,64.01088946528402,54.100086202898055,Healthy
68.79314630372382,18.087580624418063,24.723559940283142,Warning
39.47364913822444,-3.150549540093359,71.13556395732259,Warning
6.469550074824996,63.78014756207898,48.039591140028385,Critical
39.850795743874656,54.39918980568074,41.37625368043641,Warning
32.958984465085486,33.36842684103779,23.19164990205541,Critical
69.36450247905145,27.001542061348086,97.27388120598528,Healthy
59.972086739009974,12.771349030798614,9.967887152972388,Warning
32.70929585299119,62.059440422940675,4.923366727542556,Critical
22.706358997748342,98.83044107570598,20.021305333620212,Critical
100.0,9.635063323166998,95.01315134885907,Healthy
47.57762556372788,58.44759369308526,99.78658150266594,Healthy
69.87530189508634,35.32724366959129,66.12868628416354,Healthy
13.24195131275035,40.88409913570614,84.3669967936724,Warning
51.54097608445861,23.63544664367541,15.552701884776697,Critical
2.9512174796443036,81.47690125701038,100.0,Critical
49.15074274795083,45.10141418084283,10.611047338003793,Warning
95.85978056563307,51.161679070259865,11.695608328066196,Warning
33.18276420115508,20.67954975285418,15.753232721741812,Critical
3.3528757849555424,11.170565818299373,57.755585033755935,Warning
5.160888651558359,0.0630553436093918,76.29613004240362,Critical
39.818025061104635,68.03361073494413,32.388570662376175,Critical
20.564486165262963,9.817698237254358,93.46956716965256,Warning
1.5462848907714786,67.29625544142182,44.57209835786211,Critical
77.08330088417763,30.996601585943683,19.39778404617158,Warning
48.23052141710639,40.00251931822545,45.41029752850008,Warning
35.95304822212768,41.83786273718115,66.2365551557959,Healthy
90.44261477500099,28.00132179845674,85.31502132287143,Healthy
8.48133448346049,0.04020493782823187,43.818987233945045,Critical
98.13566915559777,23.5032304237334,60.18413132780201,Healthy
36.993853805640654,67.83553298418092,26.859875566141874,Critical
87.87272110018826,61.467106267956815,63.36324846481723,Healthy
62.8175322637654,21.252239269896606,98.55057991882481,Healthy
86.3569201398355,39.53563218161563,10.194813602729322,Warning
100.0,12.277712052476451,90.46666590281966,Healthy
29.217219349295306,12.097162140871845,59.505752689520214,Healthy
94.01812726611986,-9.742933607552606,22.453782873469812,Critical
38.70435084620128,88.25153133025951,98.77677944374851,Critical
39.926991835325126,12.578945471575196,50.252491732296846,Warning
36.763377997725755,13.844237707762938,28.670236877660457,Warning
55.14259587875564,19.678536873170263,19.769135027197414,Warning
14.274780418226978,6.384279482259196,22.905398615282174,Critical
57.03728750425042,59.6794367214149,78.64749313016742,Healthy
56.75073644422886,-4.002530475422342,61.83032812869944,Healthy
77.32901142973044,3.8380349682988166,92.94168972201943,Healthy
80.85643485014359,61.03191124384101,23.651669421712274,Critical
43.49991692709084,24.69012897985599,11.786441630352881,Critical
33.07678726438677,71.12621685714359,0.0,Critical
21.784436305476024,53.05188086872817,58.18596778962405,Warning
13.182849603313715,21.022674524003996,96.28298487261287,Warning
10.289006770334549,62.37533080480146,72.11529282893551,Critical
35.77904364853698,-1.3972900680433282,30.885728109181557,Warning
28.844959220638646,52.075809572080374,85.12245878381607,Healthy
93.41128766575957,36.35915483553403,78.02702944691023,Healthy
57.983466815404,17.90172062191429,0.0,Warning
35.553449965755846,56.7532000392559,79.89957683368168,Warning
53.29377736582441,88.60315485077138,29.91187274634278,Critical
18.192520377391123,101.98609124184324,10.313995282562718,Critical
44.88042489107648,58.666466802128745,24.15223158917163,Critical
61.43518024386857,33.89399207045961,43.9666973147793,Healthy
47.75581394128948,14.117565971597953,38.131629832760446,Warning
34.132214349135296,18.972457169422423,25.647476729937562,Critical
100.0,42.47990591390716,23.74969470620973,Warning
88.81704783662988,32.179182955536724,70.2888865386104,Healthy
61.75835541894473,92.17983281773432,100.0,Warning
60.77319174058329,31.69518408447346,75.52424922891117,Healthy
57.91447092547087,26.02698246245915,28.543312252601435,Warning
18.34089335314048,32.444773095091996,26.292688927254332,Critical
36.9637495621507,81.81051537897699,23.431043751110586,Critical
3.1095683497752726,61.922766496678264,11.627418191418256,Critical
47.75701382445433,56.04992425798538,51.05958294933024,Healthy
55.59249896720038,24.106160641426392,62.406460116436335,Healthy
21.73405325100561,80.89573641151843,72.20739764534176,Warning
93.77081751108669,-6.492577886336998,67.16642856700223,Healthy
96.00348194303554,86.93707494460764,30.55916427976338,Critical
79.4492441209563,45.06066022196271,31.693612096758052,Healthy
53.76852289218234,36.63934711596076,65.67034084912942,Healthy
84.72657486370589,46.69053056408695,34.956650621726055,Healthy
17.491596775473173,64.00936257581319,22.819417185205857,Critical
74.7107081085031,-9.022379909803185,38.36136617833126,Warning
11.477761422570348,87.57552196600365,28.735903798027785,Critical
77.33271510090164,39.92644341472803,6.549535501990404,Warning
24.09815017378423,28.203485542869814,87.75953360194012,Healthy
86.86898540305359,7.292743038865497,84.28399634968777,Healthy
91.8116931450179,41.194263488241916,21.618283062258172,Warning
14.917560332957526,42.09068247231058,2.521252224866571,Critical
46.34909200955675,32.30036817958295,73.3011782662261,Healthy
96.23474264570257,63.09208887000108,22.749575796895922,Critical
47.22920352753305,33.29376896822776,41.63108078176402,Warning
85.66220534774338,95.63043651198477,11.099347435298672,Critical
61.30269039649027,57.12075987108411,24.187663163319897,Warning
37.087702588767634,78.77973633180532,80.12096742036269,Warning
31.052460774945313,0.9609060588168823,79.10075935697724,Healthy
22.079748059272696,35.95495773830795,18.72326126407202,Critical
77.89441122847195,27.334359965600296,36.50213005467342,Healthy
42.81758859334071,53.32902862975774,16.277052964591082,Critical
47.76937358083739,87.03095681655633,4.18622492594592,Critical
47.81299868119685,-1.6292799238815332,100.0,Healthy
63.01779932421183,2.103655930167548,67.51054619867145,Healthy
85.78576506068741,82.63931788959235,50.86822426478929,Warning
89.62856328862539,17.409405873245117,78.1712204548975,Healthy
40.14951582793804,61.61338762565467,80.85907659032699,Warning
83.15671080112006,50.75156436544945,73.38359790145228,Healthy
68.60144011317813,80.33323109998277,1.1736376879115116,Critical
61.35470206522117,5.998912315966573,19.454233934814816,Warning
93.46357696959652,3.3196610137703826,65.14531779713377,Healthy
21.033140898402827,51.831762011902,46.17725523196022,Warning
10.248476394929954,92.80056787733767,99.38481879381561,Critical
81.53114243793009,37.5242037681162,66.9819047217215,Healthy
40.70345725946857,24.652128506738165,96.94366478286292,Healthy
81.89163691142342,60.10265524125277,18.82069115137909,Warning
92.5660362470924,90.35735184603064,89.18413999778292,Warning
5.803144797606689,79.37080577625231,33.21823642005384,Critical
86.78087974895082,101.40630133681236,99.90199593545815,Warning
42.028078799171524,-8.700743128265565,13.896506538713911,Critical
54.631699565001604,2.399921291504775,46.94099090448538,Healthy
67.05185492689179,56.39697166265698,77.78029511648032,Healthy
96.19249236912871,77.63819179241808,44.112149629183264,Critical
3.388921460438903,21.22289032546764,45.474307579529835,Critical
48.55383695739384,18.84305147370867,99.51076105177621,Healthy
65.12439078912836,78.57361193854324,41.83372939954642,Warning
71.53323838968967,-3.334410550892677,61.69894851378592,Healthy
67.20166254367149,32.85662782015458,2.523493689889128,Warning
7.966976613858057,43.51997731576792,84.79967805668124,Warning
33.11068909466422,50.987445520725565,62.89394245890016,Healthy
33.78406270252452,70.93927712866588,35.78716145988945,Critical
84.03154649025642,28.772199923738178,1.1214916263668502,Warning
30.521226443735337,56.90163125325367,63.77583478080453,Warning
22.74065031662057,51.990009042363006,0.0,Critical
97.58345411909917,46.07508829462676,0.478538142084389,Warning
0.0,62.08889509554261,64.00258740472813,Critical
100.0,19.025851963992846,25.80179878888878,Warning
67.8115061785987,1.1153596507293735,17.709956024469466,Critical
83.75272500026782,2.245412040055028,63.431154769461436,Healthy
27.5147106339194,13.278506322273929,1.8696422061196292,Critical
0.0,45.034868840779644,34.76210515199429,Critical
75.21883988258128,84.15710185728786,12.340947226484682,Critical
84.06700018788393,66.67936319974694,56.90584768432734,Healthy
71.67955609764418,78.39803683088216,60.62970184062581,Healthy
9.969748573757647,26.594702620683876,74.76550088793992,Warning
71.53302296371427,34.18901731500078,28.99789653419062,Warning
80.48067936203742,33.16477917081135,11.462300354411495,Warning
64.01429012305528,13.558830172339007,3.0523898501286286,Warning
75.59486764253111,-2.850912808175261,44.436607967410296,Warning
88.94316474405039,58.49292524758334,89.56642975209951,Healthy
57.9939597392866,96.11846557636952,21.947024330895186,Critical
6.6794869198167355,8.611105353351473,26.289392874106323,Critical
46.45648048103901,-4.505873732718995,11.019429864910688,Critical
12.619138910658625,76.98867139580636,62.16093698730543,Critical
46.73445360499032,16.15774086242188,67.96318658403966,Healthy
42.96533858876927,84.62971126764378,58.40583227789034,Critical
8.951138586486877,67.45896125674021,87.71838733087672,Critical
33.14098838838974,91.84995404971868,48.93540792599042,Critical
16.941795339844333,34.94994595240668,10.737844702592746,Critical
81.6266097639982,62.19035929380952,24.23232080703144,Critical
97.32813338979629,46.700496173954434,70.86306389990825,Healthy
6.915072709480999,61.46464390298982,65.00609898902803,Critical
94.70742296718731,39.55520237226754,55.21818519621861,Healthy
57.24678671246287,10.525713736249823,66.2675421351646,Healthy
31.575738834602312,47.77082948533483,56.18809838069538,Healthy
12.040333910827496,50.14198647877509,90.42652647280087,Warning
50.828411322276914,73.34332346997643,59.70169806939489,Healthy
76.90645483980559,72.1932639467606,76.73614894283911,Healthy
68.95861892803434,63.0730117215161,28.245134516740414,Critical
5.331496873791208,-0.14970713279097314,70.36225106079534,Warning
5.4106828886603715,71.02822025225701,90.74769830296012,Critical
36.96494403738064,49.52594322611316,38.67840804359666,Warning
33.1333005001554,89.46454086533308,78.0633218866637,Critical
21.603822093134244,93.38665963887343,74.51874973804777,Critical
28.51502813424532,-0.32453684987479203,3.380190647553283,Critical
81.23667509934528,78.61004733755256,59.42878032776234,Warning
91.15834598722368,-9.568429943840066,10.257162086671466,Critical
44.862667851682865,31.702390953071497,100.0,Healthy
87.25967492963588,49.1577742454358,82.73713598479132,Healthy
32.93444591553051,3.542740944240934,8.907695339795222,Critical
48.38205175350891,71.93817951032686,12.416987236857091,Critical
22.44013597300753,-7.625887793483516,56.886026351177776,Warning
60.156866377768445,8.247951998215333,39.00125593042072,Healthy
100.0,52.313996022412255,8.359213860724557,Warning
62.57984161534165,68.13561770350914,56.25282183099385,Healthy
33.75470282558124,90.79178836572808,43.45447967154843,Critical
66.90420622066893,63.745667187556464,10.563037083791766,Critical
13.416790905441085,63.61016982169387,82.48257692712265,Critical
85.02407159045654,30.68884515428329,95.18185009360987,Healthy
47.74660833426956,-8.540661288009652,75.64216261486524,Healthy
48.349818538632945,0.09543330974485675,82.45554257357976,Healthy
59.51472740077807,50.82638433226618,24.450026530898427,Warning
60.78547744150837,63.44595730445829,28.29678898864808,Critical
4.602152949133377,34.83335981506685,18.586371869315617,Critical
66.71554072799398,70.96360046272686,69.945855022742,Healthy
22.859729441919843,45.672783596092884,94.26512370565857,Healthy
68.85737415277123,-1.283126976365528,65.39297813571471,Healthy
77.02818710126976,9.65757005709763,85.17362447963896,Healthy
83.81589061445439,81.28633553218418,61.2470486167161,Warning
58.161997758623244,70.55111046734662,37.06006312305952,Warning
48.19722287565454,86.14665710390568,45.03747592552114,Critical
14.696530020632174,0.40262279977830806,10.645181838931265,Critical
74.82790043216926,99.42092982247881,4.6719416840242305,Critical
26.35623637499183,12.980938829513928,71.44508134709315,Healthy
48.635242542173685,-8.366828118850595,45.811250570224004,Warning
27.14390664559805,100.37180176933381,47.731016831800176,Critical
19.391677552198175,21.032878506576406,55.79671780826298,Warning
61.63479263514508,64.69832502431572,22.348205169820126,Critical
3.0084120070896083,9.629927133350888,49.11666950996369,Critical
72.57677912412886,49.81053074255498,40.79669772481114,Healthy
34.890010395316935,85.9480793206778,38.30140651673361,Critical
0.0,29.07582677761241,83.71084766816581,Warning
48.82504517441642,63.72808109899724,41.763126523810655,Warning
9.025659373094914,12.56987807126001,63.24960033213844,Warning
28.348914346082886,58.036086047805625,91.07187854793784,Warning
71.27341476067996,26.893508511138258,87.76583637340597,Healthy
12.66540154261769,12.326179136132998,91.13622514044812,Warning
84.67289309444573,29.381880240322594,25.92289938320143,Warning
0.0,10.179002380586212,3.9540054220767096,Critical
23.83615574956118,88.1410560511547,26.13683470623552,Critical
70.68410868811544,30.387478068023793,27.83308772822243,Warning
35.394826092977766,20.928190432652112,88.91993944255557,Healthy
11.912923959211499,38.998305741296015,61.196676939628944,Warning
39.396634329955454,26.7474365878377,7.159820912354451,Critical
30.678280424100663,73.59811250007895,12.362015879527313,Critical
83.02855787327289,95.90852926054365,13.357419591646872,Critical
28.500533202487645,39.52860778751346,65.59833616232238,Healthy
78.73810784367659,83.5053974234432,70.02478269713347,Warning
86.56893126870786,50.26408536747932,85.44986357986589,Healthy
43.87661258388003,9.624852545390107,97.56267421530808,Healthy
94.39060502794327,65.65212286930317,22.897843796442835,Critical
37.227386458171786,47.51482035104553,34.626130127696754,Warning
96.85782691873403,62.38855954549492,22.259946342360386,Critical
8.647415603887193,89.14147930299373,38.2290211237969,Critical
71.11010936763736,35.33472890376182,88.27759955144055,Healthy
47.378056862828,87.95895749127638,56.68363482648653,Critical
32.17554176063541,71.92464125598919,73.27392230010933,Warning
64.68379445298623,42.083584500775345,47.284402976084166,Healthy
73.3492124273571,57.21244861840878,1.8003493693588775,Warning
1.7754496993065159,28.18771073228305,4.939420817289374,Critical
14.774617388315828,100.88607228195775,50.84512169348349,Critical
67.89956876887366,62.73021840512379,74.44814400001995,Healthy
68.1220339531616,-4.5929145004548975,20.985702744250343,Critical
97.02918737167174,26.81969664126116,72.79526703098226,Healthy
75.72640114210331,59.807099901903385,81.55790796192981,Healthy
100.0,-5.55960958822891,41.35392711154118,Warning
67.4136498709367,-3.731578418364363,74.92033692257978,Healthy
35.13033192732671,41.35570671675117,39.486743372752926,Warning
10.631843939697566,28.501218453578584,72.09025355104659,Warning
72.67567490388093,40.61976699744904,78.68193921686039,Healthy
63.87731418463417,19.964535971332538,99.24780792912414,Healthy
7.6970894691279454,6.064325317625956,33.19850289846142,Critical
34.909881491682924,65.52782380472694,40.7476155292739,Critical
91.25564592471343,43.30071599933422,17.81487049013237,Warning
49.54657097563161,12.847108256828522,24.907126117789627,Warning
40.70139648029535,24.816409572268725,65.22035762584264,Healthy
47.245403719193284,55.01782507591199,93.68388329137294,Healthy
23.208471848719206,0.35323057014386583,42.84066607645996,Critical
33.701905863235204,5.30584294216683,13.524289273838427,Critical
34.86391343337071,-2.4472298657312397,27.966497308105584,Critical
7.505429414068054,79.3988531904795,42.31161656156474,Critical
74.18023001689494,69.08503115449375,30.35662177156794,Critical
38.40396878290391,72.33229519519428,22.28285551511997,Critical
78.68191528625356,63.82419795779072,73.20803167506759,Healthy
86.0909159508639,62.46135347989413,0.0,Critical
22.126878628418197,44.1794887983849,56.08354303195312,Warning
63.68321012587573,61.54513110228479,80.0637795847698,Healthy
47.24343660468288,-6.969869594230941,27.31560892386579,Critical
92.59707094461389,58.44268292869393,60.8110165364461,Healthy
18.651887446890747,73.41656847479567,68.6074832032182,Warning
61.92609220397308,45.03473283598388,64.71655407594002,Healthy
62.140438952433364,35.18710669798108,49.68728778249455,Healthy
29.198944265478513,24.208543468851566,30.95341453392236,Warning
11.530015104671957,60.8134697778636,78.41465195827239,Critical
67.12021675979238,66.5284201791207,70.4185539941607,Healthy
76.37742124723944,83.84730535561059,25.886752983513944,Critical
24.937900316694723,26.053170854806883,12.321428888681364,Critical
62.52546667423692,75.3993224566238,8.83485764239484,Critical
46.46563945474089,50.699355529554204,13.05092726522039,Critical
73.07090307565633,88.92031316429187,55.11702147508771,Warning
21.94983840429676,51.19870327447379,7.402601947135471,Critical
92.54018309951188,47.604522693338474,33.86315968285176,Healthy
28.79216612215715,53.769953370179856,75.81972968889052,Healthy
39.168651255890154,69.0631298158465,31.31168533758663,Critical
7.9633813395465864,97.6111731616748,74.06196246482564,Critical
12.768345722385916,-4.195373639343895,82.30845122691899,Critical
50.62015435938059,-4.9582119942549525,28.578354176147695,Critical
27.275444439895928,95.0496888995775,71.28710014728847,Critical
81.7829378812991,50.34583513562074,71.50544965404004,Healthy
1.507781779194869,56.70631654766274,39.48168008128861,Critical
34.40393219089582,42.2487651055802,21.588823704897948,Critical
31.362682703090414,-1.0963179596911499,55.323926468311846,Warning
1.0858269659853148,72.0941241354015,88.63359606531466,Critical
9.605723605760794,70.92511999553606,64.8181340728037,Critical
39.849215679628,21.061105326379945,12.705204689481752,Critical
48.79468051447811,25.052442138140574,69.58476525358535,Healthy
41.63576175948004,82.9515991099308,42.3977900668093,Critical
55.941539746768115,-0.9196430787130467,64.96291902239459,Healthy
58.121814376433825,85.01275821807195,68.76839586965177,Warning
4.997695964589434,15.842644761520475,55.6065602959148,Critical
49.22534918122687,55.33535080173146,76.2869034518322,Healthy
97.86220558459065,93.087564820096,68.23392710844325,Warning
52.36417540084473,64.29893551400522,56.47605032643457,Healthy
68.71158927150094,35.00831283299833,15.830339408588312,Warning
34.74753924368746,69.27031453498444,80.07381465889563,Warning
81.06987679455406,28.689810018386677,89.54556401613999,Healthy
81.29698837276243,24.439782581343454,14.304815185799624,Warning
52.253585261044904,102.17309062367804,50.17943910096712,Critical
99.2662838229172,75.99346728181133,26.008422109501424,Critical
16.585660996131494,58.770271979287934,74.9656732954918,Critical
0.0,30.268202736121125,77.64969249778153,Warning
76.06057061455469,-5.455839770931449,14.526020855765783,Critical
80.7636637255287,-9.910517058851948,90.11980154793046,Healthy
14.719519125995845,53.95194443847892,18.526072774870105,Critical
29.303799748016477,73.23621426288436,76.4322737000467,Warning
1.0626440030690851,47.00150768829069,47.34769900850654,Critical
24.80503271491734,81.65723018680521,30.859837421405743,Critical
78.05273922475506,-7.915529605293258,15.550967853303643,Critical
49.04110435927269,28.955332471620075,17.67763366034322,Warning
30.33975070290814,15.634536248794285,60.364801269430096,Healthy
33.38231480843188,42.66165688337291,50.214532423036864,Healthy
1.1145055950834968,-3.3712311817357783,14.936919682615962,Critical
34.06316483932201,98.27302190125637,9.278546704035687,Critical
64.76255771250179,16.255767709588742,5.382091509952563,Warning
98.0535863455736,92.2463984303665,74.87604992946687,Warning
88.25476751502373,38.34448711853875,70.03119073156331,Healthy
0.0,98.43496598574889,7.095864230385883,Critical
91.41658973228475,53.518522388350036,55.87364219349816,Healthy
78.28507197690614,93.52557558587301,9.063424374810335,Critical
79.73578473359424,-12.740943213686514,88.26900189016742,Healthy
44.3491241751457,72.89877254367893,91.29252638785603,Warning
37.34671742417083,90.90351812726193,73.13856624181933,Critical
30.71309959617608,4.791259930482513,90.91564749560241,Healthy
11.517059865439963,0.8263554359645298,83.89125794218552,Warning
25.406266662994298,35.4772708011063,82.699176637737,Healthy
23.137285187262187,89.94942836249575,59.174230024927134,Critical
44.38479086307632,46.56176787908578,30.992233776676922,Warning
69.69823880857604,44.94607503525281,21.67967875134838,Warning
51.329281195346105,6.861962497866469,33.76919125012201,Warning
2.919198080308578,-14.89371719649859,66.49033569581295,Critical
94.80243985983557,77.78245012807378,17.97394546588512,Critical
98.23606528764395,-1.8981046420045506,27.299616156457354,Critical
73.67724994840387,59.159160988910706,45.70063153881634,Healthy
100.0,86.89494689679866,28.017669274446632,Critical
53.68731191834879,13.75948663690865,60.78537830439518,Healthy
92.83108507960439,60.633689197740395,92.55072822570801,Healthy
6.818451280228338,0.9216545192445786,74.44097555354861,Critical
34.4002844819327,55.16953444695976,69.57638622271064,Warning
23.86058619739373,7.8412632580284605,56.4535353672421,Healthy
17.63891111176367,70.96243936978,43.446165876892486,Critical
8.34536825651048,23.623924533051042,18.873584761739338,Critical
61.5796765533727,41.04703972350337,93.04105926202959,Healthy
74.06255041787088,55.083138525573126,29.627526634837658,Warning
58.44279959400102,9.52617223467444,8.809005927514436,Warning
11.134879961970995,72.5124543089282,75.13228091469487,Critical
79.64833858383082,21.760168135830362,19.120144730664506,Warning
64.14323412901587,63.713640228349995,36.396551697526306,Warning
38.17919443759674,9.794576181734493,4.37771067427142,Critical
68.16432040260943,67.10473090490763,13.450589000840003,Critical
28.031359421436555,5.965438492445166,20.354467847561747,Critical
31.045419750227136,37.133056287513085,7.609954314311265,Critical
91.5553916913249,15.320367219126693,68.09637915919181,Healthy
19.061939174617653,70.70198851769278,83.08482664590545,Warning
47.740826720841234,19.463626431465023,43.10932259810088,Warning
88.11167134847695,88.87443115379821,88.90938349895849,Warning
67.82178573631883,93.67204708271552,22.076539616473145,Critical
7.167480883359847,13.572188563383651,30.256213414423037,Critical
18.248397159452235,55.18218243585467,14.782483842671178,Critical
0.0,-1.8856045555238883,62.39905882400777,Critical
60.25773555219118,37.62611558809121,39.62392719775778,Healthy
45.26241832835797,68.03661238118639,60.45138324688261,Warning
9.42066509028847,62.63158642301337,75.67009048510933,Critical
93.81226799407044,56.79623979390841,54.7380635860645,Healthy
56.633178879513494,24.20970181401728,57.47491452005397,Healthy
24.37586710072578,32.58341085242547,93.1192198173205,Healthy
44.42195622363226,-0.22512677873914444,28.774392411644516,Warning
62.57105833167258,67.10485966998156,35.85374141452061,Warning
8.110178875296775,46.04217553883583,74.87616586947446,Warning
30.05755323254226,68.05263190778291,67.28773818190228,Warning
75.84368471252091,19.048008162098256,19.888422052905362,Warning
47.31562486275565,26.78214209611168,33.91146448485001,Warning
58.64874472569865,26.23472640107537,45.74758045697389,Healthy
48.945177184822846,-8.25593811872895,43.726873723332204,Warning
5.383662543880141,27.19538171477092,19.277352321491147,Critical
18.095385765673015,77.26214139367016,95.40498638478545,Critical
38.15461059130465,88.44244346686172,75.93982318652579,Critical
27.21780418478075,47.03689657719078,47.04508247768871,Warning
3.2714322266795093,38.30932468735411,73.26337484243177,Warning
81.56455292990725,-5.3479322188735114,89.9042790236611,Healthy
97.35363451309271,85.97162170545275,10.567391108093776,Critical
83.84930764223024,-10.252645223724688,29.462706041796533,Critical
92.00263031309734,93.21929396655956,49.78183825148117,Warning
24.57393907013207,44.29830366893055,69.41590146777006,Healthy
99.05695006913093,27.778870692846535,5.933649818265459,Warning
19.82218259139935,92.50826406250154,100.0,Critical
92.02959461712868,-5.520298507738301,46.73269911407379,Warning
100.0,56.56661884361565,32.01574581019615,Healthy
69.3058981335357,50.95355002030324,29.095834218250225,Warning
100.0,11.986439358781034,16.60116504442555,Warning
60.84960194601762,36.639395843462566,77.54552386032562,Healthy
27.79628710948066,59.7404038850487,99.77762476703748,Warning
49.186512835325146,73.37813980443659,38.22447730864475,Critical
66.05313163743581,-5.946343777221898,96.19038283466483,Healthy
6.782426113808564,94.35449970500437,85.96190249449114,Critical
59.80794410647531,9.814708648487423,49.24943732358894,Healthy
92.52497416446003,16.195734150932832,71.12597303009939,Healthy
25.74481174466353,19.714190857244887,45.18956208433308,Critical
77.94046560208298,-9.034693415934361,57.160389832731326,Healthy
94.19498994926715,3.38786886442192,6.905138308346823,Warning
92.14639317949364,96.73618539916531,71.46667733000376,Warning
100.0,25.236554186578207,4.1258471561768895,Warning
50.04561109670095,2.563900246518358,77.80287313634659,Healthy
94.15563339829833,5.662682653900794,85.35682318044567,Healthy
75.10550142058263,70.97385182114259,27.192955657138757,Critical
14.571816520811279,84.57157700863378,33.12221453629816,Critical
49.47891000318064,17.730873571652435,46.485910996926215,Warning
71.67893275562282,-4.347910725604294,54.99313934365924,Healthy
26.617138765564096,14.47999273673608,28.992787473969837,Critical
63.18845393563285,-3.1199260890861376,55.201789429038584,Healthy
64.6647257916055,1.4579422381582359,25.31174481501611,Warning
14.519292737168367,36.657585371826016,5.48687752305899,Critical
62.643347639368706,15.364033239550624,0.0,Warning
77.83820389454158,42.830112936439946,11.15103446033717,Warning
43.93827982523506,14.788900055808565,78.7471832087162,Healthy
0.0,94.1583642046635,94.32322753966588,Critical
1.1944450053568447,92.79023585294406,37.58187468593503,Critical
41.239133440752354,53.0451137594396,48.709730967503205,Warning
95.70550299084789,27.545901408819173,12.236407437189342,Warning
20.10252445091513,29.04044951568624,51.42721224747081,Healthy
70.69143614788607,36.87280566684594,13.478357314970529,Warning
22.114105974927625,68.89933513281365,57.679677146359055,Warning
35.90598839917969,40.96676034417729,92.83463851621174,Healthy
81.33918346794869,85.02002443178014,20.29108757130993,Critical
65.69165494124199,94.80702723684948,73.97786194254267,Warning
5.314633260215981,27.021280286389835,3.6264681700881587,Critical
33.11920167005624,52.4436817212641,33.46565051841898,Warning
9.253244346285172,0.2173102490694168,7.738318587862034,Critical
48.73261341696014,10.780982185563081,34.90789226669563,Warning
63.46946911476272,33.5542362170855,19.414815239554265,Warning
13.20813444975552,7.9122811532537165,39.93269763675654,Critical
29.456495999457065,86.05943486194991,46.58945247722571,Critical
41.64646273705767,10.450244532404694,28.92934565363931,Warning
95.58169666901378,41.582850555915314,65.279690991278,Healthy
98.45573808322136,57.082334687538236,88.787178538837,Healthy
1.8516119812586247,64.63701990911458,36.29823841455416,Critical
78.58411799265495,34.1323091214339,19.920031906484716,Warning
39.57940497388772,85.3622789361141,24.744661321259606,Critical
39.548026047312035,55.66497524614992,89.09721994968878,Healthy
81.9591599007446,36.38368132264133,52.77681513141262,Healthy
90.52917684595592,-4.103469310221285,46.960162848169816,Warning
92.39328553534904,39.421301640528895,11.946454434441582,Warning
58.96653288635188,77.31670574886229,42.51138543206194,Critical
33.68730235930978,55.72542263396118,29.466536531494757,Critical
80.24145815831261,81.74430242973484,92.28867147701119,Warning
22.601113558711706,42.91688171622236,86.85965873901344,Healthy
55.206676034556125,-4.681963098088192,5.953779092165094,Warning
41.53036741260482,-6.3510703632128385,57.020438300964614,Warning
64.44634530054458,19.98596268035022,20.653375618227177,Warning
21.643336657298804,67.95740843453045,41.232365604727356,Critical
22.671330939602075,76.99101861292544,87.07905902430242,Critical
88.67078281668363,26.767557441076924,53.415703174027264,Healthy
8.101538604512486,46.51584626020242,31.577318496178176,Critical
52.325474135020144,35.31387029677903,20.186383706874757,Warning
24.900512567920767,33.75337915394644,81.21434196763073,Healthy
7.554425505809968,18.453813813615124,59.86278012242574,Warning
1.3602163324811847,2.0490793590375973,50.07451011250758,Critical
19.31020322954109,12.017501277270858,25.304876943422702,Critical
85.27871085196749,-4.175678338531274,35.244115294189356,Warning
26.43090749717077,11.107929463184123,96.19397182464131,Healthy
98.65555540440643,-8.280873292311409,43.03718941596983,Healthy
56.513566111340594,59.37754379097496,41.34280152228868,Healthy
44.49603276493955,25.716096298228607,50.9682130191458,Healthy
58.475621874637376,97.32386956168652,77.16002735570825,Warning
48.457575393611265,12.14423839542726,28.318761658718426,Healthy
78.77590394180149,28.227873119918517,19.351377550883463,Warning
29.930449278322087,28.043673676136027,54.147868693423916,Healthy
29.34616732441898,-9.06233291265615,66.8756839860809,Warning
90.2416935870371,80.88410171493244,73.98577274158448,Warning
92.32673101254069,-8.041362593585982,86.79077453266031,Healthy
92.54704866788533,92.74748181478105,40.765567244596625,Critical
37.60859988538908,87.88933229882659,5.29451848826764,Critical
76.96711939479952,48.977861382151616,97.63615759328724,Healthy
48.71964698307528,51.62827089496879,39.586835489371936,Warning
49.917006097035845,60.918643360095516,65.4191422713547,Warning
22.756885675870308,32.96920516578721,69.2585034605671,Healthy
54.55776436782378,61.43050660165174,56.056444639011545,Healthy
23.56933278593693,-6.292733819198575,19.345900563785577,Critical
34.73190388308419,-3.9072794191169877,71.3083031413298,Warning
89.5821748009962,42.30078898850451,79.2032764847498,Healthy
23.330301428785248,50.83146555543065,58.62848012898835,Healthy
7.080998173978151,88.1131082949947,49.2460016731915,Critical
3.0481646285481476,0.10201306798325471,6.734707524261182,Critical
92.38779250656468,84.42898969373759,5.020983231718559,Critical
55.460733794771194,11.808494361482651,37.715938758909715,Healthy
45.09752052667098,30.01363441500855,32.54835380812298,Warning
79.22905816048078,26.546636071451573,91.66364473410735,Healthy
75.12767993244506,33.78744593589704,73.0647797558192,Healthy
32.581034108645106,5.94842114609026,64.1173031221058,Healthy
68.49869708299217,44.30160062356799,46.210732777790746,Healthy
76.3629637490675,81.92411413008207,16.269249602644134,Critical
67.05068629208967,39.27792169888803,100.0,Healthy
17.788145217974925,45.06699579209207,32.71320159692348,Critical
90.55920699300428,83.68966562810911,10.134483255105836,Critical
55.24658269400697,68.20649183707378,53.31566929756836,Warning
22.84493053123246,46.74723415829514,89.6470647362086,Healthy
41.499219345689504,17.84481197835437,88.28287803333554,Healthy
10.669378390538307,84.42806706190487,0.6575455951401339,Critical
13.90933032664919,55.20835349441697,85.16184512786624,Warning
77.65813375691768,15.319640336661056,26.34545443996919,Warning
1.0796212948581878,19.819132415951227,4.627558539562697,Critical
42.90272171574719,79.28614626608262,88.0943676661097,Warning
45.10168156530108,-5.885476610968248,84.52614872827657,Healthy
4.7448690493640235,99.17152573887873,59.05360260004462,Critical
97.19413780184922,4.075284260907275,54.59573528736579,Healthy
26.45701932272743,76.3845612795213,81.98800280076345,Warning
30.562890647494974,35.80363041109512,80.98229362195488,Healthy
25.454717065696908,41.31926290678576,90.8994913845601,Healthy
24.33193368025025,91.5933278647295,51.764183533343285,Critical
0.0,37.1749552732264,97.20529890165011,Warning
69.28412248555537,45.56836183465109,97.58274550858327,Healthy
94.1820728397788,-5.025369793973165,14.68761104682176,Critical
24.056861017498054,-10.07886970638727,84.47043778709158,Warning
70.08100289962245,17.711759288074074,45.423685760135655,Healthy
75.63842253140427,62.88538367958496,38.09722571316001,Warning
86.73860757990353,3.403188956241472,62.682648695868146,Healthy
43.682055519874915,2.271576672255142,6.328573915629101,Critical
30.59707209462433,33.730430158802484,49.11072383575205,Warning
34.62030530719138,59.50856978396245,85.33323683305322,Warning
64.00580690864302,70.16552844067706,18.38363841924793,Critical
82.0112117044781,6.23640907073604,41.45474061593659,Healthy
15.02662167179351,-0.2895459168832284,91.38105187191015,Critical
40.58280853340894,95.03869434776611,45.76664173910167,Critical
89.75255375926443,18.236185405154355,33.13335106104499,Healthy
80.76219623427741,83.97286041640962,44.42051819942442,Critical
93.97062465348617,87.31104955030477,52.10818836173463,Warning
78.47531863524662,73.56778207243178,66.03613675680162,Healthy
41.20150446361365,7.368391874004461,83.33738495854821,Healthy
60.73462704648528,79.40719315576342,47.29813040627541,Critical
63.66235686822556,76.9482127150211,82.80687853888442,Healthy
5.524662096898005,58.224116405453294,50.22612769692589,Critical
55.120494273724226,24.300443399657564,30.64144077358299,Healthy
68.84858761651681,20.888427963943123,63.258010352646565,Healthy
18.036809288138052,5.045629941534054,74.02798847323288,Warning
71.58043393425554,49.18046697999551,56.02488734770066,Healthy
56.91464438219138,55.14891237033587,8.267469035679028,Warning
100.0,29.43876871617944,19.99669571904274,Warning
5.560687304676464,44.579930818038854,26.351916388125076,Critical
27.032994749139675,31.384397893622864,28.358783577820873,Critical
66.11106753699649,65.0004631335746,67.30309898863628,Healthy
22.648130364188763,91.05592854754562,0.8515030984906127,Critical
68.9964830627599,8.338324778011767,73.96364914137786,Healthy
74.69700873695093,29.606760328591236,30.088513990926486,Warning
12.826650105663616,4.333712080206508,31.158099801756745,Critical
54.01241551036148,55.871904788805494,52.83041716007173,Healthy
48.291035432157706,69.74563197162381,19.184227069289964,Critical
39.92193998798176,94.36253577218584,90.47276864879326,Critical
92.08254195500209,20.668569711745107,5.521555430142484,Warning
86.38555086426962,96.56668318271747,45.802952816640534,Critical
66.62301009659751,-2.365958632847745,86.38891502565448,Healthy
71.06272877630127,55.525340390596675,60.34684429415287,Healthy
44.70111243518223,-3.540150561893775,30.185907827812883,Critical
95.26754322435474,89.25935403592412,42.63302945477953,Critical
67.89119907563001,48.557443074633184,70.55135615982103,Healthy
72.77076057854637,63.9296870416114,97.36490627682564,Healthy
87.68952457172367,79.93503163497637,89.49921730752392,Warning
29.04293438329746,5.668215942752131,34.63301585625383,Warning
83.36794820908982,-1.238006594495988,100.0,Healthy
20.157434626183203,89.13385903126083,0.0,Critical
33.27944847864929,21.69497322686314,2.3063427278246946,Critical
32.51194919090802,-0.5462580430245447,83.17889732071,Healthy
97.92956378453688,41.68312092247697,20.238134868923076,Warning
86.40249980301583,57.60061411541405,8.938177617809501,Warning
69.67547121548066,-7.633117298368301,25.575067092148586,Critical
72.76328642443566,22.281839864675526,39.99878679292661,Healthy
51.6555178585408,-6.272704699527271,72.5567457191773,Healthy
96.71113256421594,35.91077025205094,61.49954269477899,Healthy
50.16921215490444,89.97323354963723,23.74907629616049,Critical
41.05738222761272,97.02801367848807,50.31810061054234,Critical
16.304015215380353,59.50181824179172,94.45597554757641,Critical
73.40537249054044,9.120480840566026,82.0327627877992,Healthy
72.36905463963912,89.58064102579159,36.010613498804986,Critical
37.83571408305824,50.60481309876212,98.94946554855672,Healthy
4.7480513122237324,8.300075157033028,68.37026848250126,Warning
77.68891213826089,92.64756129634827,4.843093706173519,Critical
1.265336896254168,73.22258628741119,5.327438541059143,Critical
71.91100361028502,72.23708935296588,11.998290107485941,Critical
95.04124731676114,67.36466187178122,68.74794556073454,Healthy
43.99001684427089,12.602135823007686,18.40598420561848,Critical
21.61623097214574,11.378149993818749,54.00144327644685,Warning
68.298382204677,67.79111261145924,13.247118313947807,Critical
80.48755465116456,14.750711906667242,91.43729854195419,Healthy
52.5109556303837,42.21891277573113,37.578547419314404,Healthy
98.75438246142362,80.80479758267307,91.03000938536977,Healthy
2.9620165352899774,77.7614158936288,89.89331924432474,Critical
47.770829809309035,39.99564560026037,0.5886351219329703,Warning
77.1491807327736,75.24876418602582,44.55679434600855,Warning
89.14626715039,84.0578971883039,5.220298212122511,Critical
12.341021108801403,62.44590176905909,90.79225084922713,Critical
77.70604330681053,16.20291343223514,48.007015153788174,Healthy
55.998096487022664,23.600870617322713,2.9952568371240043,Warning
40.6266334006908,22.9836805176342,10.964732955413334,Critical
8.700024260698676,0.9998435137720476,31.090250034894787,Critical
90.00527236935821,19.574706363952604,92.46892341780524,Healthy
18.20299407551641,14.689516973882181,69.9840061340366,Warning
32.42449081703094,41.19589695937521,83.59083710674716,Healthy
33.07473866838005,88.1367532425576,39.627626104713954,Critical
88.49827339679818,3.0059406443403542,7.894389604251908,Warning
68.61604205864533,66.82704599642699,94.38166086218556,Healthy
84.34117753460396,63.92564713674633,0.8231665436474948,Critical
28.350448621433024,0.3020472185909645,97.74924476207332,Healthy
59.9628875839653,90.37610204768757,36.86381978214921,Critical
59.07418385039062,54.311661214552025,0.0,Warning
81.29023408395136,30.582564290927458,68.48575996675777,Healthy
92.12116970097689,76.75036653973825,95.4952454362479,Healthy
2.645517668798124,17.815829693470917,99.88716597303691,Warning
63.25158996851131,66.04167777301376,17.91149740321561,Critical
4.818043078039797,-3.211001948929279,17.183509770818613,Critical
55.681637578476796,82.15304253077232,56.98033549955613,Warning
27.45440233138535,42.286803667760125,59.80611791191498,Healthy
31.6217897793864,61.11787700014258,71.68045899091372,Warning
37.713543676238864,9.630587238964484,22.764873610292227,Critical
62.03746571226875,66.8332492207282,96.06125263418245,Healthy
34.078794997001694,76.77188397450004,66.66418304329788,Warning
77.42017729469596,43.95611576950495,85.40073115227958,Healthy
41.87232830706265,54.12800488970686,57.949417057505755,Warning
7.437792900019282,38.869871697921745,35.431172161190595,Critical
75.50174610948665,87.17264095124946,97.15363790744259,Warning
30.588910493437147,43.08336712145432,63.146482020632774,Healthy
44.26713780810208,86.08280305695796,89.55587858659982,Critical
72.39560662329438,78.12519073408008,99.30535641299957,Healthy
33.38625134478114,35.08240846306088,67.51516891989645,Healthy
0.20976611426957525,16.413310724953813,53.28254860562735,Critical
32.291742094796575,35.80763791735357,0.0,Critical
96.65190056070954,74.21412591402256,0.711179798916068,Critical
62.46285893676136,13.746863865834431,22.50630329173719,Warning
68.4582181200522,44.862420888769876,20.140476336862083,Warning
63.570913297271055,79.47125446199186,25.276159171993456,Critical
19.398694892861915,28.304737435453575,32.018035734321124,Critical
41.544302553463346,60.67383519929925,36.43390463222901,Critical
72.49781132119614,12.862433647588553,44.94042211108611,Healthy
10.089956688616903,1.401034541116595,12.744694110325977,Critical
26.031797310588033,79.61252526387983,1.0385708938236773,Critical
26.515141286208248,3.7054475411620853,68.21538286971172,Healthy
42.230945625323116,21.289680297835705,48.726882233725526,Healthy
97.35679428452235,81.39110583282218,44.81348243628375,Critical
9.516775037903454,30.630425184637637,65.25690695594,Warning
51.48072695044542,98.48299295655775,78.82678268597456,Warning
21.00757521099134,97.5363987569955,41.51990270523796,Critical
100.0,15.460289620871748,64.14052563685735,Healthy
13.89518442591487,-3.5852056511870165,96.05896713263604,Critical
41.96350584136466,66.37262860262494,83.12663847648156,Warning
74.76899511191118,40.30084693342737,39.08321659302693,Healthy
73.05151892989474,1.2196005568267174,64.30966217571653,Healthy
42.54094590518194,70.90430005646127,12.750361490771041,Critical
37.60612633314342,-6.821493969683683,55.354294179462556,Warning
41.60355527115611,85.69140877397474,96.80870827275349,Critical
25.348104933522766,8.40900898342067,51.42871449993397,Warning
23.220846510988398,2.6878621746393736,91.08586398658768,Healthy
48.578409773821704,10.95259847935985,36.21044953585747,Warning
26.534979583923786,95.23206798837039,98.78545275669458,Critical
27.31756900852805,64.24354570391321,60.71446389786774,Warning
66.17366289107943,78.15319087444178,8.011281835559869,Critical
99.84312101622818,35.12325865781881,65.99348250529661,Healthy
63.03054007271662,29.701819705498135,32.53222079315265,Warning
8.758128098873499,18.74262871684006,0.0,Critical
9.357292307581805,42.28175496591392,80.86001766564834,Warning
98.95741245912427,48.72666222469411,27.504606793562264,Warning
29.27918015722078,58.85775500264814,79.39817590194875,Warning
5.860438597656923,15.919973933196086,29.030358285275376,Critical
63.807848271573874,93.91717650049597,26.655409652020104,Critical
60.775543072934454,7.990104235545426,94.14740277306555,Healthy
62.77946764183711,97.67682963261889,34.023939366859054,Critical
21.351609519750475,-12.77769688400334,65.06909893458332,Warning
3.2249175809403927,41.45661020767974,59.1502052521926,Warning
91.63717907179053,25.219425583938076,57.228090168357326,Healthy
22.83852814603504,41.77783003714364,94.5735464617261,Healthy
69.36733918879993,50.545414933084764,68.90360418688294,Healthy
72.82875074509607,38.36812210069598,40.94859730980049,Healthy
59.04562926329387,35.376896704335884,89.05387076150936,Healthy
30.888279440387606,72.68566074913647,15.42708424208153,Critical
24.491841797188115,66.6380539885322,52.93458637255374,Critical
58.12163790683676,81.90232848758403,96.66194995977112,Warning
87.40820914162788,16.386154187168373,56.33144521039851,Healthy
93.16843285595019,53.34345106672723,85.9465965175217,Healthy
9.857935319848757,54.86559770458874,66.26624968011264,Warning
11.088741214919285,31.73213879305551,84.3961816121325,Warning
97.87249437272638,40.3165943843456,89.55724935160119,Healthy
75.18372261299245,22.048647434973066,23.432345377074466,Warning
90.67809859848892,6.107543684611723,15.770357132769302,Warning
24.1345393873849,14.196416545316351,50.82136458414079,Warning
56.282948484303034,-0.37479351605199906,63.956394645825824,Healthy
69.0387759926633,63.98952384377758,25.08421972055368,Critical
62.32668544195063,59.00703556486582,0.0,Critical
50.23643781697652,97.32122868141248,33.62324116544558,Critical
1.0907332231787192,67.66487668645965,97.64671237185127,Critical
61.40878938017105,-3.1904389543284393,70.30469777412391,Healthy
21.5956704849545,87.19704773987819,37.9952586243126,Critical
48.014589891218066,87.47345516327935,21.13234000009056,Critical
100.0,37.180727099447346,28.650772955785385,Healthy
39.72268951715953,54.56744097875214,15.632686670421831,Critical
80.94751617667387,93.97176275350238,11.091627420825851,Critical
18.437671372088506,44.67642634941878,89.63938931161196,Warning
60.5657652276312,90.77806828910082,94.2843029256494,Warning
97.58703534082882,-4.435788319018895,18.685526095860446,Critical
12.652211505232666,10.55927048908605,1.7070924514468153,Critical
0.7247212895986586,40.5056346744908,32.77056869203636,Critical
42.505860599194534,55.81661862929287,46.6250218673444,Warning
10.84525265347282,78.45589272901084,20.54160616888155,Critical
76.65050950847179,95.5318263929342,33.64952395744729,Critical
86.47514969734034,33.792654335463865,19.92728588918471,Warning
43.66856615771225,-2.0997664588702967,78.70842305733595,Healthy
33.17911958823183,76.80438920515448,71.09008222527235,Warning
39.43528316371691,54.87525338229466,65.334019828597,Healthy
72.0885252865009,10.789910549764187,42.90227159906304,Healthy
6.7306545241922064,45.57434764997045,91.31671961984017,Warning
62.25792441810074,74.1111622215395,99.298805226251,Healthy
59.78897844640972,72.26608295478977,21.729918067187793,Critical
64.38723082846136,41.96146170121452,26.37281688211062,Warning
24.19587295813325,28.2535909580394,51.407234589203334,Warning
69.16105692484767,96.7570384484542,12.234353995460031,Critical
8.916392310698393,63.47567279659483,44.39115336245286,Critical
19.08713524826049,33.522265446857574,61.53081647097275,Warning
88.08525147967843,21.830879281417197,53.913260864422156,Healthy
71.62716553058354,72.34144987979488,33.91786253591117,Warning
0.0,17.239771358460306,55.54649684875975,Critical
24.713783716802908,12.369814941134567,96.64580929400157,Healthy
26.586002953852798,47.62823860594555,21.484739564547137,Critical
27.327241582485644,21.372848244784855,65.00663875765464,Healthy
23.761195691194008,59.64237864415249,3.584496393782633,Critical
8.51488698940007,3.9031775271778772,11.931165236261501,Critical
45.4190928218959,62.49941602653059,56.61540615569205,Warning
78.87744625349384,18.59378802583706,8.774003266100747,Warning
60.6614349438584,-9.348246879812477,1.4024265483968024,Critical
69.38865804928247,3.2146191745525265,20.320075125146072,Warning
5.851104706444096,91.53573753371106,54.276356969691584,Critical
96.65833877768871,85.47397441219584,65.88801240646022,Warning
84.67446381513373,13.773948149327623,16.022508992331865,Warning
80.33951347558865,73.35012685225757,61.63901692020308,Healthy
80.7931072206676,51.711937329129476,14.351188535129559,Warning
91.356960316319,100.29399291650542,57.80314484372328,Warning
55.27245460330873,32.20808518695251,45.3516801284043,Healthy
21.91501911585201,64.72713913427623,65.24141329538386,Warning
61.29687239637172,-4.345517007142252,98.41548463051458,Healthy
75.14995315415628,27.83514358571182,89.45145733420048,Healthy
73.67799530100423,94.56288497825689,0.0,Critical
52.44048049140417,50.719628863841415,83.331892248538,Healthy
6.244536985326131,23.551093974020638,5.540828003617557,Critical
37.1652115811177,4.5143899313533575,100.0,Healthy
100.0,67.7049013314733,30.173978646087566,Critical
59.379793872164875,63.5419130691327,37.5740885600635,Warning
55.76908520086447,30.47618405223813,11.258191333791853,Warning
28.199422254203643,96.7739265375105,9.662646298508255,Critical
36.05644152176671,-8.32685545877689,70.2720232942944,Warning
93.41657655519192,21.647341061745315,99.54561246342769,Healthy
65.77281344140455,89.3062175321089,57.64802553367013,Warning
81.90386632206094,23.173905372792536,70.52263784564906,Healthy
44.43192131256617,19.065947781673714,77.11507430680588,Healthy
60.14480438818367,47.27875395024305,23.472724838021826,Warning
25.93454949902933,78.55213480118928,6.474777952915721,Critical
67.23207796004232,2.773614135942436,0.0,Warning
44.36705404538356,94.38821884197544,37.05665927810243,Critical
40.67207551320061,79.38320089561965,25.904375359173166,Critical
63.97520836626961,10.962727133216308,5.502736113041076,Warning
89.33287305731844,66.81465257140327,23.084805267139632,Critical
14.873135689070281,32.497664323068456,10.453882416494457,Critical
77.51244505585181,34.50268056993441,95.53444947338325,Healthy
29.267752262408525,74.32359285132729,17.551521073801016,Critical
47.821858273627825,93.69707892969255,59.077493021749234,Critical
5.300490603261972,2.570702794955923,59.83276362924552,Warning
32.658634149950714,40.342490770014294,51.98318863507941,Warning
49.31143909834862,42.07808870083029,16.13603317758744,Warning
9.670874573754906,33.86003344782317,30.87573177112603,Critical
51.84974621072307,29.013482589825156,2.6864055281987196,Critical
93.34796173882417,-2.4727689291443964,38.99763117191716,Warning
11.261064083960298,67.21423157300426,15.914820978687967,Critical
75.53230486470433,39.888766899109086,57.74169980380802,Healthy
38.23814926010015,12.202972974849862,67.46383423963451,Healthy
69.22882437886996,82.51841841078982,52.34953351075603,Healthy
29.960283779327533,79.03839023538453,46.32700624613447,Critical
13.296898831046065,46.93013854845888,40.60442171619782,Critical
15.58490593168407,19.58973311987679,84.21593052740936,Warning
6.618924914937678,60.8867723329434,22.44942709276795,Critical
18.466702778903375,22.263382120585668,73.45860024478151,Warning
66.61482313465957,14.087832643997343,74.4547672747598,Healthy
91.00964556928935,71.51578038642342,41.91242074453009,Warning
79.17091663365595,-8.544388981848659,31.202584799042768,Critical
65.97439001291043,-0.8838368377153212,46.67566221766101,Healthy
14.753045567539193,-13.25147648320074,10.58069547996067,Critical
27.530810403951087,9.941003546222504,2.082996887639856,Critical
27.191581471515697,-2.8741980297400502,9.348638991752065,Critical
23.540304813462512,103.87202852542367,16.51154163640069,Critical
50.51040776524031,23.374996547988847,48.72228791842708,Healthy
58.22026967114456,7.315677820319249,88.77520675623049,Healthy
38.463076154241236,15.337132990988978,25.742349579299777,Critical
38.821477723540326,90.88111279803998,90.28543171862478,Critical
85.3154807176485,48.263567680477415,96.80328578272571,Healthy
81.7680158468145,29.98696257531829,94.7187135465748,Healthy
28.715336788333612,83.39451973904353,81.70911971121768,Critical
90.78303792126547,30.41521292737693,31.92528568260454,Healthy
92.31175576117995,24.93353523705937,10.18414718172304,Warning
32.04279011139298,16.443011931003372,52.790283727648074,Healthy
37.49480985210971,35.98420646605787,55.71225485969375,Healthy
50.96716519663262,25.24525745647968,82.15864297378494,Healthy
98.04652371024824,64.80132111527809,100.0,Healthy
84.20769593754949,21.181456770120942,49.812675177072904,Healthy
11.7575113104537,51.62300140986276,34.11701513741739,Critical
35.52816592153367,-0.001503731268514663,18.2879683668366,Critical
55.61964838249811,14.788960024410853,1.387693486544424,Warning
52.53424752282344,33.027741705569795,50.95038354083784,Healthy
18.74279909321661,92.89874117310728,55.42204710337623,Critical
87.53505692907633,30.597985827306157,80.93864205597541,Healthy
64.81488129518493,62.2076751822518,45.73350866925378,Healthy
78.79976755059121,20.43141097721352,88.2911819879801,Healthy
87.54751680241063,1.3497702663232465,64.96378687318548,Healthy
80.06761606880117,-2.628034609321874,83.11616543212942,Healthy
40.93292530446205,25.05196105431438,12.838144147607272,Critical
64.72125804186284,7.058410600456238,81.31642859697733,Healthy
16.166810838423547,10.927284935747206,62.35544402411379,Warning
63.35746718241155,73.9788276036394,14.91368260344846,Critical
14.530809669871587,-5.823552353751612,21.640514376736856,Critical
69.44231337109763,48.314703221046074,90.97885132355518,Healthy
21.746429211624555,31.043201343267388,4.42299262076163,Critical
7.816391084747281,45.576873704238125,44.44431484137674,Critical
11.446331170619526,46.56691132466362,33.264129081496705,Critical
0.0,22.29854092314353,65.4524915944168,Warning
72.45538881034638,20.83477611155381,80.2672860202477,Healthy
73.2209026480285,72.57061541648632,35.23095295195863,Warning
49.98962111882571,84.4267820006981,48.19220998712494,Critical
16.741941688412815,9.547821595826115,100.0,Warning
11.475513910657039,2.3730352201787674,79.85125087625838,Warning
3.0952761750311444,85.52171741154274,89.30923664693803,Critical
16.210891682353328,24.34601286632671,44.78792747144822,Critical
91.86976951829674,49.921728372770865,24.35817741461139,Warning
21.274133263519293,26.65433236104367,41.066686281543866,Warning
34.75237410305551,1.0188984087463457,72.9320238429192,Healthy
9.931284641332214,55.973348527626044,11.567721070058623,Critical
18.52527069948849,49.51744137048442,26.09899340555794,Critical
50.66283459116744,13.907019942735944,1.0778196480081097,Warning
54.55038926687935,41.92314823236502,41.85459610715266,Healthy
30.271765559609968,80.14649408175065,85.14313014518211,Warning
2.960974557202782,50.68969092421418,2.3719821563149863,Critical
43.8616293070038,1.5617298972283662,68.43321335547911,Healthy
23.53459060979189,49.22314829606574,92.40054086826072,Healthy
23.64998471944807,65.80636442987368,20.513993636086354,Critical
94.51988087629273,78.31820390030006,68.64759492814935,Healthy
62.25383766845743,55.742342689977846,94.44282240777198,Healthy
57.639313237174896,3.29018088774157,92.96893849443566,Healthy
43.57116759551474,69.38620481308111,27.109829129522556,Critical
45.2187535132375,65.4831751039886,8.77284730640422,Critical
52.985502253690555,-7.039577564787325,12.603799613211493,Critical
68.20190168613665,33.53241662548047,75.05744590135694,Healthy
65.43208064238014,28.112186435025308,75.02084265154029,Healthy
18.739047804075767,64.99593285202172,66.30912848631438,Critical
53.25841134163303,13.945548384296188,34.89074775088091,Healthy
46.043754543163985,52.64126944462889,16.270329021030108,Critical
87.96821453067993,89.60215910809994,55.998070157386515,Warning
60.84245280311193,79.43392829799573,49.79211824924166,Warning
48.15911821172982,94.01473342942191,71.91050905626975,Warning
14.664464417141788,96.98258315584324,44.36250189556036,Critical
55.17495923200854,-9.325631964938621,36.92805917334585,Warning
10.698578334792042,58.17816218547241,32.08149704728757,Critical
33.04773707274427,35.96211977130165,19.496752129406424,Critical
14.075831067880129,83.42185933674335,28.0327324255274,Critical
69.31477250254441,11.911247105861321,6.099475145972868,Warning
21.039654052717985,100.29878180595256,36.03694357683607,Critical
31.93984753256701,61.0972545441373,4.102467153699137,Critical
89.61144549148825,76.06431452595999,19.778322803722972,Critical
13.742911617561395,-2.7173559273330326,73.78471019801022,Warning
52.9771606151509,9.906166278694709,38.799112688619736,Healthy
40.26179064919137,73.04939626630481,64.11980257487343,Warning
0.0,-5.590445421348484,74.60307269263312,Critical
76.83319732512516,79.96585733160619,55.02343931390636,Healthy
5.194364613906012,-10.050853604632106,97.3828066604278,Critical
50.99760095036037,59.64625339562397,3.8713565940666737,Critical
56.65774271914572,31.891599595137993,74.03019267350108,Healthy
63.87598049451044,58.4634562814404,94.39269116240969,Healthy
72.40682783344936,68.68457452498613,86.65057760752981,Healthy
25.03880548849804,25.735900609051274,17.590300180791857,Critical
3.260441548942147,5.552743091248569,38.05184008409206,Critical
74.39594957728717,-5.826343561805253,14.628163131745653,Critical
49.70625145404962,56.20216452468322,58.4630958925284,Healthy
88.03072105361436,43.45292337635846,72.07300486915723,Healthy
77.87793094985736,70.06144823992764,30.939215565120065,Warning
87.08471672722186,49.192951961329,53.65053428523775,Healthy
43.95824688723712,38.131765412348685,72.30311251321079,Healthy
35.166549948141586,32.69714877501103,33.67318215081713,Warning
84.74156489358752,-8.128514799899955,83.6077050104925,Healthy
44.49047533327486,27.11253640830317,71.92788585002796,Healthy
17.57515271178401,98.39049930921581,2.8791050743448543,Critical
87.32872195409797,88.59427215034516,69.32640338530031,Warning
87.2677983093471,25.319119364546953,25.32705949783323,Warning
52.08581172524548,51.433924430326535,58.60652124190184,Healthy
8.146549479354833,83.51657926300186,95.44725531393733,Critical
37.82210046703095,37.625315367490764,90.18234192972075,Healthy
78.7329093625733,-10.62590239698029,35.15194678895243,Warning
87.3785574441038,-1.2085113693240037,32.26628106974414,Critical
18.464009289487112,45.71697184017215,20.981042085146203,Critical
5.645341021551363,97.25135573728622,51.657539517674266,Critical
86.27212809278812,64.4641612437011,12.940298537169589,Critical
36.96596807547622,-1.2257978811063541,55.8768410885715,Warning
60.47262011781364,8.19549994359495,0.38722409425984794,Warning
93.71629597560742,73.19008297446034,28.295674613843527,Warning
7.096370554360809,82.07254513301237,22.29287238952305,Critical
66.60936377449218,61.430041310664414,100.0,Healthy
9.300866244237906,62.45619939637681,71.12677066869851,Critical
37.371071619302626,-4.72849544929211,38.91014918224466,Critical
79.65934680380275,83.97248262065223,6.666432845320023,Critical
44.70186574928196,83.915937170413,51.69970314421752,Warning
100.0,18.577043986485055,25.950771332734067,Warning
55.129051990357674,70.79524104246548,51.598754851736956,Healthy
27.43057954842206,15.659277215553672,86.69819186802047,Healthy
20.60736142347557,-3.571617277718519,67.50321229680397,Warning
31.612402937493812,15.673498921021862,63.89197416127267,Healthy
35.251848725756105,8.810550381003992,52.52197794413122,Warning
6.971037487946976,26.154909592960433,90.40834685429084,Warning
38.03362837466717,36.668975716264114,97.1040765521023,Healthy
51.76521022779971,45.5738785209041,55.10240270537417,Healthy
70.66155608716902,43.07992801191244,34.92387608295647,Healthy
67.99682537798626,22.899704226287852,45.86018553597655,Healthy
71.79444559622894,-7.747519902264366,21.769212044142883,Critical
4.724361199605079,55.95182052089911,63.487913358430724,Critical
23.495426116840484,33.880553290262135,47.36006821339824,Warning
63.1429845581267,22.397300460580134,13.702578136665048,Warning
43.229798730101024,81.53550305532939,24.666388946796147,Critical
1.465132665837109,70.98150857239969,44.90138970160872,Critical
78.86411124948106,85.72895680544366,85.64060618318382,Warning
74.34001609118195,47.323200920236005,56.75901786580012,Healthy
51.03918318575703,2.0932005988700686,71.02188583807008,Healthy
7.129259070388678,64.26579317487828,30.50139739312911,Critical
81.17462805119857,12.728583398523948,57.82218651529114,Healthy
57.14534173601827,34.38407347033317,42.96670140162749,Healthy
79.96680864902189,-3.7398536215965197,68.01547856179107,Healthy
74.86790018893127,77.31184014742527,2.663896143413366,Critical
76.43206092847353,6.591593114909994,51.64543062471846,Healthy
54.005240670993736,87.80206346672325,29.12461808194357,Critical
10.748375687269384,88.37103462144934,29.807084556747796,Critical
67.18062722974956,43.33114679523374,96.28281302208681,Healthy
61.02281726018114,70.58786787804414,12.455561327673218,Critical
76.90455102360579,55.9950388463047,29.447241541544873,Healthy
13.81364762766147,77.95122915881676,52.001460784061166,Critical
20.670129713434804,37.28926783793391,80.98743047786668,Warning
86.52155949988673,77.1312271547833,33.95359776132081,Warning
73.46446420822072,39.31716329810592,67.3684261293776,Healthy
79.91724818741199,94.99902640975174,89.61879548798134,Warning
82.1478278312458,44.03158720076603,30.771358543896707,Healthy
61.367201397508886,40.20732959927852,37.67762217184943,Healthy
63.11123124497287,74.93382346115035,38.49108657583612,Warning
85.53882532900201,80.0037761274948,82.07223181438478,Warning
56.39372919255603,49.360000071673646,5.240071894960312,Warning
65.3897710372971,9.89463687422547,30.919374935637794,Healthy
9.971416823605281,41.624282775773565,66.52785749725405,Warning
46.96736875372726,97.0113898870173,57.426787608201586,Critical
76.95163681319792,76.36096605365407,45.94871959362986,Warning
23.69243082373313,78.9629969873054,53.440102871087475,Critical
20.466573168744457,-4.379999395634621,18.376791863367984,Critical
37.99261026821483,41.92371568370899,42.04412493680268,Warning
26.046517688355664,60.651836098534176,43.276560819277705,Critical
21.86903516509595,81.06527665918576,90.96809083498691,Critical
44.0049936515357,-4.697550924231239,22.456182413431982,Critical
89.5812553833243,84.32781283606248,88.67200638885004,Warning
54.60485852978215,48.40546151117235,64.15286778057231,Healthy
17.594048012831667,8.773855996476657,2.3494463963514205,Critical
1.819622111879477,26.20666859641555,74.56412120175797,Warning
68.44170520197115,22.808498357834203,0.7756164558827043,Warning
35.379672854008675,49.885765437337945,100.0,Healthy
81.33951262194364,-4.004631172662554,88.06653192680778,Healthy
65.17382468683513,8.973426689898167,29.180032256076185,Warning
83.21641465355157,80.82309282337036,22.95656441737993,Critical
29.28048212183803,6.1616977000591255,39.929823302726376,Warning
70.02568870883199,13.95450799770974,37.72706016470225,Healthy
26.39736223537409,37.67686302214804,37.574587916471756,Warning
90.73027391845517,46.106159198961805,28.616747364804105,Healthy
57.09390244034041,73.96238453847214,60.53099358605678,Healthy
32.79066005171256,38.722724679016075,16.245368204802197,Critical
29.33510983994824,73.13172765123352,86.66361289454758,Warning
18.767656857430584,61.46147899927061,76.48978019979218,Critical
67.85953292101269,1.8928793588489985,45.95691039261391,Healthy
23.265067795435368,7.541867056366151,84.06497884802815,Healthy
59.28032999087586,40.562807781000906,24.46484226482024,Warning
31.520735268457617,28.967888700751946,0.0,Critical
69.89507950559171,70.76648191627899,61.268194167862305,Healthy
84.3724970251239,53.1068508305491,44.85949000353377,Healthy
80.07572665709503,32.02201881934613,53.60367901511809,Healthy
72.2146308497238,8.436657998114512,89.58003814933424,Healthy
20.761221675383005,17.846350852694155,95.36905006623785,Warning
9.967472571391596,54.652029783050935,64.93207240308942,Warning
71.71415703391204,38.49433907623483,73.74957630223082,Healthy
38.312549839874286,46.73626651829578,8.650345715101793,Critical
44.592910403878925,5.975771790954701,13.646391977462757,Critical
11.217508687987891,58.76029368761022,71.52121778082122,Critical
25.729087917649164,80.72044604769312,44.02842052191641,Critical
6.176652529934393,19.092877154891102,45.30068023896704,Critical
86.50560782933276,44.13010426689619,29.60970161580858,Healthy
26.711593073516063,96.88767889718717,59.92740649277637,Critical
58.55167662799818,25.919437647099766,14.15568520629169,Warning
4.9912102975190855,59.47854109249922,66.89992086313165,Critical
71.6924799576953,-1.7242801599260678,19.442254907158052,Critical
29.649906466328137,58.51728918497087,8.33694762358468,Critical
88.33025587076192,-0.1366790644500409,28.250672219037455,Warning
89.44895915147406,95.39401886204843,21.32756422351691,Critical
35.17148239662744,71.07616682518774,87.89552576886237,Warning
90.63437813293159,79.6226374603106,0.0,Critical
100.0,66.97238077111038,20.331219545640547,Critical
80.55649679949585,56.468599406895514,59.23361402394935,Healthy
81.06539930705723,40.218188643705695,54.2925239527582,Healthy
25.825258620518504,84.43594605133669,1.4475503549169448,Critical
57.43869905743454,95.66043331505098,1.0772132920172686,Critical
8.354182557811445,43.517961389759265,100.0,Warning
9.40958680956746,91.85665662041666,65.12261459904296,Critical
98.86920183145868,53.00534953923152,34.839649348627646,Healthy
32.439112227419926,51.02501399146549,41.44517174569066,Warning
74.90493788926419,39.80269839400711,30.05287941874394,Warning
79.75156140313665,10.426225719083106,34.429596101100884,Healthy
85.19293096175264,-11.037711756339665,62.7164211499322,Healthy
98.55204972925492,10.167155663742385,89.13275175622366,Healthy
26.719643885295007,45.080563672627875,18.87201842765448,Critical
4.617145699487368,31.870884878767082,84.54092784559565,Warning
47.889409215964896,39.06110338255577,11.50436876484688,Critical
13.49018063673008,101.83161285510823,26.366296835129216,Critical
0.5900165052195272,29.67977285545611,3.316549605177332,Critical
44.05470883873781,40.80102703579017,18.939152438269858,Critical
79.61470424066665,1.4001725796695963,93.42266532560565,Healthy
59.588443483185536,-5.453933540165625,46.99738509012305,Warning
33.05410787064288,74.32172099052701,7.4267619180008895,Critical
67.3032336371652,51.20298686030163,98.89455388453389,Healthy
24.808780184938495,72.07776733380176,88.23820607859899,Warning
0.0,2.8686619696374325,72.67185844147352,Warning
77.53792578632698,50.34945842073334,90.45080262176168,Healthy
58.39972457485019,19.648858983081208,23.280395949379233,Warning
75.70717394085838,14.800970475015827,80.91479264550915,Healthy
1.7169492990766995,-9.74494329072029,68.81242646451312,Critical
84.7843733406114,4.326656923292492,90.1474785724221,Healthy
62.954998745645035,26.35427362236879,80.60306710794598,Healthy
57.78297274355957,2.8650847067548657,32.48310170669626,Healthy
63.32329452970042,99.5251767070652,81.66981623657398,Warning
84.6228486614772,22.256381652858057,27.889256009473137,Warning
57.91064018783567,3.0983742357626607,35.91259526441775,Healthy
60.85622647258139,12.607008181202701,3.9878966926697075,Warning
100.0,58.43266253423664,94.50022023283512,Healthy
72.23266741097716,-0.0956626558435163,31.626809849167834,Critical
39.63659764757559,86.03341045443955,57.16311244403916,Critical
68.55903185367863,96.06783223640764,34.74182789416614,Critical
42.0586699152756,19.94435498466624,99.61115582593375,Healthy
26.532198338899,41.099836191084776,38.43805795095197,Warning
56.911052047572426,-12.152534431496644,71.80271521043196,Healthy
93.74013787260417,58.37026302428392,86.97738879272724,Healthy
98.41724600096654,36.208147036500634,45.4135121911187,Healthy
35.43646224227003,16.132496140069183,36.836158457337405,Warning
57.03225647786878,10.95690415831321,73.30429871306393,Healthy
24.159769567235415,60.542908655147706,93.29315977048688,Warning
96.8325148312046,35.27154160106292,73.64822804699193,Healthy
97.54184651630234,9.187661376837907,22.060888573932267,Warning
65.05515640562028,65.22375810921699,91.2680794462423,Healthy
80.75380613181136,53.80856616851693,44.0202958946639,Healthy
74.25900298868571,83.9234783113435,59.236893995419486,Warning
60.541876190773046,2.153088612271751,83.54401541551464,Healthy
0.0,73.72498200560315,17.29028428606691,Critical
41.53791343598793,66.13553895387014,75.41921344580214,Warning
60.91648747181292,1.3082080231957884,62.9450145155706,Healthy
68.27925711033447,64.25621962988673,88.87381462938016,Healthy
38.03372479064164,38.99638292651929,20.649150008354482,Critical
95.0188735416352,92.41444388637662,41.07956807010646,Critical
13.858918420534252,4.525343088380336,81.33644330260071,Warning
52.05837663691603,61.22859333836932,3.1855670121585655,Critical
71.23718514448787,31.364839753364944,10.990528858759085,Warning
65.94813338756545,99.87283251559782,95.43993546184126,Warning
60.46578107253494,26.14758139529202,33.4915228483806,Warning
27.528426286505205,97.07612648185646,95.67336805108043,Critical
20.996003689502274,85.2800555260965,21.035929664390032,Critical
68.69326090926701,18.020857620342735,38.63501418892301,Healthy
61.62042469528793,76.21576806107363,71.508556155614,Healthy
15.745611014183869,97.6077027517804,62.77067778996839,Critical
73.17444253552209,18.624006226515064,57.207711973805175,Healthy
44.159926378938515,40.11661876111998,50.39297794676581,Healthy
64.47353805029387,47.90914203161259,89.52341348211009,Healthy
77.30480748214909,21.98913569129246,22.894329372943737,Warning
17.279989452735276,-9.582577716361564,46.91633982779405,Critical
0.0248847522715423,16.441416364100952,17.08614138264634,Critical
78.19954977816418,25.155568185903153,60.38622692005949,Healthy
54.07166942655041,39.06607855456797,25.17540605935078,Warning
70.47343697996322,10.699998753617349,37.09559855770467,Healthy
76.52213400694937,86.74471993567495,44.64979274234776,Critical
83.5449142422557,69.05123441337815,7.8560645016825426,Critical
97.65768839528772,-2.957041024657414,5.33212405057148,Critical
52.75751357093806,60.5338970651082,70.93745724768922,Healthy
50.537722846236775,62.69315128470941,38.68150649193137,Critical
37.25449720108235,97.609310988963,85.53190554330867,Critical
15.58623083126513,-11.303972594097614,69.74713017860286,Critical
59.645045403583254,13.20597125655854,0.0,Warning
18.41838468532371,91.06053387840221,61.12622436786281,Critical
90.78907814226497,94.55499212250764,5.211575262179261,Critical
58.25114803730063,66.09671494859441,75.13096657287878,Healthy
58.695137197573715,71.88012553096623,100.0,Healthy
39.86377156638322,0.3749625443634073,53.20889489908348,Warning
1.8272318230020952,46.29439932008277,66.20636594194852,Warning
1.3108988069631748,16.66306200489639,27.70424937886417,Critical
36.5859073363944,7.476531276606741,40.09998167540871,Warning
12.987397763543221,78.48340571522924,84.52476182604617,Critical
59.945825126187515,7.2445658396664125,15.225325940089707,Warning
86.78207389985562,39.16588768232881,28.39867344465934,Warning
88.13403360494007,96.19743094708417,44.6878586020146,Critical
67.81324849851421,8.306692140410304,70.9003934447976,Healthy
22.165273357841475,99.27803976596104,32.05574536796566,Critical
94.24333577655847,98.62576141329025,95.36833142019667,Warning
89.97115119653215,48.828070499786364,8.792227682376707,Warning
18.269622207788625,7.721903325182174,37.427402807316014,Critical
72.05853836449589,25.86139604985651,68.64972268256057,Healthy
27.473678035461866,36.680503604615886,19.881190277698025,Critical
75.75852046140345,26.26260350229121,70.13917669839437,Healthy
99.84338261283503,23.741393908286497,11.101980087947357,Warning
5.353004851566032,94.57920668316363,2.4354314028203228,Critical
87.89649577722348,4.357592725911331,16.543048132872126,Warning
59.84091319101347,68.05648241161316,94.92071745640943,Healthy
100.0,-11.753260353786803,54.198700698727876,Healthy
42.22150228277927,57.78852267590095,83.37436649083087,Healthy
78.53533792770547,91.87445433627924,34.60603043969314,Critical
2.7807010288855745,20.582695204409227,59.96384506446792,Warning
28.906606856456683,10.385652097103444,50.17189942180641,Warning
7.8603319674347425,64.49338844695885,95.96951059187289,Critical
96.45219984655834,72.20217650478148,76.27454110930339,Healthy
81.03832959211215,66.20212575160355,79.64218230834577,Healthy
88.71354465552136,19.80629443425635,4.050648508409937,Warning
91.72251855990109,18.33683842704634,54.4748253359245,Healthy
10.835616847215459,97.02056425490755,42.98846582746934,Critical
43.093727648942945,92.0122105414044,92.6285345001564,Critical
5.73650141035923,41.757856925679796,31.32285951758768,Critical
23.290378721671804,83.79545602590184,29.936800336413402,Critical
22.211123966180295,37.28629170480883,39.50362165652406,Warning
49.68301549128024,34.91031512124922,24.42709543420146,Critical
22.141749182635436,6.601619861662101,9.029076654119965,Critical
5.161273946400071,39.03549577059372,82.83412663218516,Warning
15.57530576468815,47.58409510933753,56.27597589823274,Warning
12.06078192802978,-6.612718716509194,84.65290808719531,Critical
95.75755246294017,39.4598157571371,79.97967717223433,Healthy
75.27067094450594,79.12157855363029,29.673757773180785,Critical
98.93618712246496,64.72170664491085,54.52699417246742,Healthy
42.75106691509305,56.35775193848034,3.6191191589339278,Critical
25.3652642343964,91.34483805788584,85.29974750457248,Critical
78.77477959064197,-3.74036849595669,38.716237010792554,Warning
30.317955964694825,52.70000117087867,34.602822958577555,Warning
27.136320864346686,75.03305014144696,24.66880284238336,Critical
18.41154878005221,47.38300033878147,49.45328207527664,Warning
13.17633217108677,23.722573116826894,24.882805984948927,Critical
23.940188981885438,8.994185920881655,36.68888814500395,Warning
38.43081106509278,86.97728301873818,79.42948741003595,Critical
63.057232538396214,40.458576374980275,80.01205390613828,Healthy
4.630233556801521,86.27579838017269,31.651176257894118,Critical
26.489415628510542,53.80991937043711,46.50934207508117,Warning
78.0835354778741,67.2964335472251,85.10975166006699,Healthy
13.982592602088705,76.4397719995969,3.444447129394714,Critical
30.616982703776046,64.86839636933567,85.23212005994165,Warning
82.42060964747107,34.030216667585314,20.699705946527665,Warning
20.1344640636073,48.91372525900698,67.13504077909005,Warning
8.786802039730432,81.50024580181488,56.958319651070134,Critical
48.854836022713954,31.27112786885445,55.45953849094997,Healthy
25.153002422504972,32.06323302533635,85.70048736099686,Healthy
57.417060612710316,0.6582704301103337,10.84951998045995,Warning
83.852754886329,90.41474653038198,37.53209364332839,Critical
17.163279997759904,-3.299938267478866,55.604345066115805,Critical
60.074908144246976,64.40797026691129,83.992654916135,Healthy
47.162419306200185,35.94296270307013,19.101105651688464,Warning
15.347248852898932,32.291934557996555,78.76713945516165,Warning
64.40260343432806,60.61565538259841,41.924638301231475,Warning
21.98071103081046,-7.274887876574039,20.905818657665797,Critical
45.419593079955895,56.84859699803281,73.86278219173761,Healthy
10.891704392936512,73.68554132014484,10.924641924800008,Critical
48.58654305137809,80.1936020313151,48.646141057606464,Critical
26.000597703417856,9.73465136239293,7.830745558614223,Critical
84.62318549634296,87.68399919639555,35.56289691318183,Critical
5.983782897197681,63.26911893532568,55.954373088920256,Critical
44.20375435565445,87.19455621902854,54.30933268344309,Critical
43.93957844284198,43.21261971582334,47.01234521955313,Warning
74.43615811935457,46.47816714930924,43.51314048562655,Healthy
59.96024383247797,89.4547477602761,29.578305265231435,Critical
65.66722891305098,90.19512050018763,41.256479252785184,Critical
77.75818620369546,37.93365244086212,97.57771095007494,Healthy
84.27473247730492,22.596128591493976,77.4422832029577,Healthy
36.34246651830469,37.94155045005585,14.52258045289003,Critical
53.441454718413,33.966846739955116,4.8717308650460565,Warning
81.24473486838845,24.54102003083765,95.8661015566519,Healthy
96.79763535488141,20.985210953218463,50.27716581433353,Healthy
89.33224290780265,83.64839896742477,56.90105358086098,Warning
39.40671977777232,-1.9148853950723659,76.47065529051815,Warning
15.509171186413477,68.56387192315024,30.976605633795465,Critical
54.48223374948621,7.96309817495485,46.89079022553032,Warning
75.09017106577107,25.81699367559081,93.45712326247677,Healthy
50.656274994238,-5.498655091398484,71.92402745550329,Healthy
48.02651769989654,19.26204128643373,15.518556651052823,Critical
83.88081901023344,72.5193736456105,16.584629934411215,Critical
35.695528492936425,90.69972455507292,23.56060955859434,Critical
89.03285538827244,14.80069977844295,73.7673467992528,Healthy
40.65669433281224,42.93371493800241,33.18608212707641,Critical
35.124461223312075,41.1383144919333,3.6491273981559464,Critical
44.09744854991218,83.81288923805853,91.29473075714752,Critical
76.83161745242379,71.28910792547204,18.31789413351558,Critical
10.188441753681165,44.62251053612924,0.0,Critical
23.29150628485035,64.47724303994849,28.532535342268222,Critical
92.64324084415185,84.24882179356624,25.94423894657966,Critical
16.57422440535176,-7.744322911072686,41.9870793979992,Critical
55.82785055574122,31.340558047941634,95.83339400465523,Healthy
56.869592503172484,89.79593002868211,83.17252884379918,Warning
51.129933513353286,69.38230973104986,43.44143159788267,Critical
63.524551563471924,50.51548311191727,40.332731333959536,Healthy
27.164446171385062,49.219052084859584,62.20796269176168,Healthy
52.81080151928432,25.91036464243528,21.133952494556357,Warning
37.725457934517834,49.193317914959295,0.09658137141426337,Critical
63.8393679949811,66.76979782403635,89.58925707362586,Healthy
15.385272684909346,37.689605702336564,21.388546095334075,Critical
57.03989250301731,68.23117802403692,18.057496112955068,Critical
18.061849404236934,84.10245359222296,46.76877289228892,Critical
31.42973121101421,6.597205336989711,51.449832409056526,Warning
19.90795441919301,38.14870481636267,1.3691670862004595,Critical
20.04332345973571,35.38700645466302,15.407913690921237,Critical
80.26421541804233,63.34420326316148,39.42112729890326,Warning
28.908812366570153,13.706025605176427,67.08104017517326,Healthy
89.1256522017746,60.866804008377486,22.34289450340453,Critical
95.00510109559886,86.56628272201533,43.027310831139296,Critical
56.87961785699114,34.852135944424106,58.33904429080634,Healthy
19.744059768541874,87.64633375249348,86.48214166978725,Critical
37.75723594933745,99.8274993365107,23.545322467222995,Critical
84.73723128242152,-0.31022458286617316,15.394576034505292,Warning
37.400042744779796,15.35796197660378,51.710370346011075,Warning
7.540469096854057,98.07171637128315,75.27226265479672,Critical
60.29656066062088,96.71842505210331,11.79085536214295,Critical
85.82313801582373,-1.9904650322199586,40.77541948727553,Healthy
77.66447393270211,-10.89986810053957,3.279064390853115,Critical
18.924028391236213,8.024640743693965,5.915418623777679,Critical
66.39867719152383,96.81076480792927,48.464825345922016,Critical
16.08332375505082,5.796506864706981,37.29347480511474,Critical
24.628672933014073,46.34498076201599,79.81950663752708,Healthy
90.69197949744431,83.96782141599796,60.70431562521447,Warning
30.48072136399984,-6.854626161739038,41.870237287347095,Critical
27.59116572838691,57.019858412066355,43.43307487730031,Critical
0.0,20.342177952313886,44.98012173482978,Critical
89.57187169468753,83.53246371301715,0.042118493113038724,Critical
81.80894241687018,22.212996351224596,87.37977482041838,Healthy
67.64773705847706,68.60289620782028,100.0,Healthy
74.8926935246849,63.16170155432676,16.362298319885014,Critical
14.708119824746397,12.322809954143803,10.281972689664693,Critical
43.68572619948196,-8.442326853303964,13.815074980081267,Critical
36.73432499505369,33.283992649726265,65.3759853462522,Healthy
4.732867621009144,22.216443765197813,70.60643201003305,Warning
50.941310640080104,74.70829733040082,86.85014958684799,Warning
93.8374703998609,78.91840157895264,74.20890862327138,Healthy
5.761122512444564,41.560460761781115,51.26000307057481,Critical
29.56076705888491,53.12018806566832,62.76051968109991,Warning
25.3530283631636,54.510185886006575,65.92158087086014,Warning
26.430645762850222,81.1467582867294,52.04318824849805,Critical
89.02222361381043,36.463326092942935,49.171636079759615,Healthy
45.03936827433608,21.338409713493178,62.446870407081285,Healthy
43.99091985373797,18.87156735242749,52.589928165147256,Healthy
77.71141424385499,51.510689774592386,64.65360780371837,Healthy
12.448803636772709,38.763963502456015,60.20481208241828,Warning
51.97671184075514,36.447218834903474,76.35703971673179,Healthy
46.9674413371426,-2.101776432655718,66.50381835054235,Healthy
57.05402024781426,70.51734849448489,50.05192282146698,Healthy
99.3991247212653,13.57027796192401,69.45749546128441,Healthy
76.99475235229194,12.932331124409739,48.74958094671702,Healthy
42.438519783151726,36.62966022897165,19.985709259561155,Critical
87.58333535423432,11.015917872430474,0.0,Warning
12.014359152642285,51.944244201834806,55.96290886274573,Warning
2.091826478315964,28.819717245784226,59.1723285645792,Warning
19.646787159746264,37.748161108223385,97.04830396118285,Healthy
29.83914604676632,48.24791472329012,35.215501873064525,Warning
49.602745688043804,14.387206662232904,38.435143315475116,Healthy
62.79622088717181,9.529643219976075,21.332732544683907,Warning
90.2245350129235,86.26062765569053,10.45525718464971,Critical
46.35153744922353,37.20704558880683,75.83759109710878,Healthy
58.74981255660268,33.919429611464736,32.28330446944446,Warning
5.822834577910753,-5.904288075510349,66.77256041022474,Critical
3.826237655942406,45.182435050081125,72.7650704432884,Warning
51.82221710243607,52.57162048721454,48.99111873284946,Healthy
44.59997981074828,53.06937325697842,93.65917562212962,Healthy
83.42539814590538,63.16919252337918,43.50913800297465,Warning
10.402388233038298,9.217911953737058,25.99304906820581,Critical
0.0,20.512744827148275,88.02363611795029,Warning
47.28865484603442,78.30412132073556,83.1476000157254,Warning
29.579908625227077,96.46725148949992,16.76939867458141,Critical
6.062933549012879,4.339698610382893,3.4955932277753248,Critical
75.769078519643,45.09129793045793,9.60107515100539,Warning
10.692034069975119,11.285606416556256,28.617445798836307,Critical
60.57231151873536,-5.590448596084961,97.62544375868592,Healthy
31.37791209954731,27.25635033840092,61.06058674263217,Healthy
22.337936903040607,7.569275330664731,39.186328805844134,Critical
41.878442372328614,68.14549589016808,91.6391358510891,Warning
76.94548839614092,46.2547470185821,45.88600295791033,Healthy
39.00848101951153,5.909400922148627,26.677096744697877,Warning
75.90953897453446,-6.468955354044864,88.6803054631572,Healthy
11.769595789392481,82.38300833276692,91.20019658989335,Critical
78.4407145967547,8.7479688134154,82.77137071625043,Healthy
26.155062925671707,53.36409494376868,49.378220272565514,Warning
70.7477422447527,28.74213763755157,79.68082960567725,Healthy
61.6357659407642,53.85152702174392,19.58654486144497,Warning
91.92614840699423,26.60798025117772,59.352882167627605,Healthy
34.640152303013465,0.12549612618319694,100.0,Warning
7.691222665487403,12.757612729829198,33.59805219976999,Critical
7.566981648679697,10.802931034017076,77.00243325085106,Warning
81.25492851741313,39.69880550246948,51.95404444107209,Healthy
54.53410469733437,62.11290819894282,2.828295567576337,Critical
79.61164256091286,16.949057917208577,75.88941354827442,Healthy
24.016886143185296,-11.849595454125339,13.574946821357193,Critical
34.529148714454514,45.53878069539395,58.068138151780786,Healthy
0.24009960396771612,55.81327130594496,8.471734266800421,Critical
89.30424624014948,97.55575261203359,91.81879400126275,Warning
63.45123855008926,52.60008980463391,31.955829753752198,Warning
92.14959632859552,44.93648530305487,21.803234437179125,Warning
29.841908805175354,50.399874427065036,13.83941106348305,Critical
60.836976935511956,96.73204146993665,98.70279659565107,Warning
66.29291967250934,84.57263312969003,66.73448869878419,Warning
29.082013699898553,25.809993168794865,71.9922367061598,Healthy
86.78134098709145,12.802592932745913,50.483107011722005,Healthy
98.79121778931659,18.778849236303255,48.41035297451812,Healthy
91.67581893520281,44.71263245270042,14.31261680296464,Warning
75.72514669321266,69.29686518904171,58.58556894552097,Healthy
23.31962973334658,45.93613204462072,24.98245038807126,Critical
27.10658148203186,-4.1896827186189025,98.62474729183235,Warning
100.0,68.16406535429874,80.65132167448621,Healthy
4.394301069314877,78.24935688466022,36.89006892526749,Critical
66.99248766951028,20.694947505757753,14.664999437088419,Warning
70.4578446859284,67.21014455538861,79.27858876786968,Healthy
63.35824939296286,35.85367984998417,13.581029284486918,Warning
96.72440921960792,88.68489115280767,16.160285029514572,Critical
24.260331512145974,83.2658563821021,17.345658036836067,Critical
34.29365851437411,48.503020264578396,54.985466049755196,Healthy
5.530665521794237,66.92378684671726,84.60776373231111,Critical
41.9282884371197,88.93119008564369,28.973745334283215,Critical
25.040811543692534,45.06176325984759,11.988766169593369,Critical
33.93764247379999,24.907373043543057,51.208065281577284,Warning
83.42993064327571,73.02022930699022,74.94742369469313,Healthy
90.89648165598356,13.930452321636148,20.126840504778475,Warning
17.912678611616332,30.914830517343272,23.5309134949121,Critical
31.978623044138324,85.1082593269069,95.30767361096957,Critical
93.79617340764364,70.16899218015573,92.83806077134686,Healthy
0.0,35.22353969037051,97.07016472704233,Warning
8.367582569836992,13.982464810899787,82.126699713914,Warning
19.036657381653797,28.690612964648952,21.6187381413002,Critical
56.343261350862996,21.13729660862583,20.229781475979973,Warning
17.196517711571946,8.262528704722348,33.81512345757504,Critical
100.0,72.39306847423536,33.81916884488233,Warning
34.74775286835987,17.285431097690623,95.1353142552791,Healthy
49.69770732428941,40.31954359484896,78.0094173682817,Healthy
16.038541297655826,34.4461452387371,70.1348567569737,Healthy
46.74139990676051,96.60979383063456,16.27826853569109,Critical
66.16984963075717,34.21353761812523,98.95920421090273,Healthy
67.67008173767177,-1.135506532586227,82.19843297038013,Healthy
81.16132335723088,3.923219982090753,20.459359097329042,Critical
58.64715869231271,54.550308691910104,92.16901320865446,Healthy
87.88890720313962,57.32031985751134,26.67400676856765,Warning
86.1369230131065,36.094195856604,9.192264008514911,Warning
70.31797180793559,34.72619713769628,65.9896660975201,Healthy
1.87303906749111,-5.108794078542456,60.543918886457035,Critical
0.0,48.58105835367564,4.837281919817322,Critical
26.647863309165295,44.655953370622136,32.031726294371055,Warning
67.34939850576124,2.0099124115846703,98.00670560972807,Healthy
43.09795425780007,1.3595264383530254,73.51740771605446,Healthy
41.14362963168659,1.4083013700419338,72.29779784424906,Healthy
90.17999210639513,1.3767425792318744,27.14451555163494,Warning
89.79051795487185,60.170195671839615,6.4490329119847996,Warning
91.7302904334809,13.152006385926855,33.426770235920564,Warning
31.710617960171582,20.730628398100936,26.409112010161234,Critical
67.27980585721834,7.9699118137693885,25.1442857621189,Warning
27.023443831792957,95.07555082206427,17.74014031850301,Critical
19.881767027230012,81.91904855308633,59.2063206067515,Critical
18.794893093393316,13.986345218587106,37.888487883425924,Critical
29.77744576309945,24.178522666861497,81.60001902257262,Healthy
38.96080197215694,10.474766715125774,17.376551338638546,Critical
86.34344140725601,46.838068791353294,45.72241947027418,Healthy
11.068127209621004,-12.026762017884948,6.226118457627309,Critical
75.24676078059724,66.59075878825664,50.73428586652246,Warning
49.86913168976334,50.03951432978104,9.926862059060795,Warning
24.375096637659656,89.84986746407935,98.71321931871717,Critical
46.75116861568732,5.854180739937416,79.17717093537479,Healthy
29.326511765388027,75.28766684383807,50.28297978085743,Critical
57.61277462597736,76.0189042288116,11.869211421172647,Critical
47.26619285484156,5.24017172653741,58.50318935127783,Healthy
16.979122812500258,33.847641930735385,79.9824060502581,Warning
17.20512331125525,6.6297915357073425,20.16921697167216,Critical
55.88279266942727,20.31566461964336,49.60199966465854,Healthy
83.0036508748509,22.325845887722952,84.07157011960238,Healthy
37.56389347514422,50.732805014805805,73.00786272484568,Healthy
68.77135585485244,35.473876300845895,82.87672006873724,Healthy
66.55773649561071,91.2329110734346,90.63689648168648,Warning
90.83143925795657,3.071942181952495,94.75788800809065,Healthy
88.52623483330665,98.12701478952386,42.18315821698368,Critical
60.9793196728367,16.07996350408459,60.17352261581969,Healthy
63.477587898305465,74.00079730358442,77.57906958312891,Healthy
89.45657365404016,26.73820486205746,72.09427037368575,Healthy
40.68567266764113,4.844532022815427,100.0,Healthy
35.269712800462564,83.81088094964961,6.64801290307985,Critical
1.1685641004946719,24.821168521047206,32.19598067339996,Critical
79.58042272100381,58.539020294214396,29.328340821983552,Critical
77.94539412273633,52.160106329913084,23.347117419369066,Warning
10.432006420884765,42.593145104247554,19.241212196784083,Critical
61.3891090495641,43.39917262005714,71.98946739874084,Healthy
47.68168339829687,69.58750446222187,8.708314771920602,Critical
9.5506647710661,-1.2457683280524356,77.5958878298998,Critical
100.0,62.541772868295254,68.30405485284471,Healthy
20.308634229701063,88.5510987095444,24.678258941498605,Critical
9.394642024616639,-3.3852928117873753,25.91789110353068,Critical
67.06576920517678,1.270838683235743,60.300571980140845,Healthy
72.81018860047261,70.13527378016802,74.04790101331999,Healthy
5.649160083897809,37.52098353821401,90.99685730605421,Warning
63.63558387658903,38.25627464044278,83.56709126160425,Healthy
52.89239629357156,2.683032722068527,100.0,Healthy
10.415187748121147,44.010075461448025,59.960427275656,Warning
16.671336714503063,3.514166274434974,86.22296305756916,Warning
64.18647079793313,43.254701093531516,82.44246340155443,Healthy
28.715982127293692,70.09614823103924,91.03420190068374,Warning
95.59212748148622,16.75087926335577,2.4314459540705196,Warning
76.08376234043479,44.06911882091769,96.16466900743205,Healthy
99.65271034147513,97.22550874078684,44.53281391847227,Critical
29.393247672098138,68.27159932169656,83.85693725582215,Warning
95.38957125206055,81.64147764587369,12.41567316760958,Critical
35.59272055603455,33.83449031897624,36.9438911003913,Warning
34.63592422489349,75.68519005942312,28.51847236036312,Critical
5.0865042480919085,-2.3287562028057054,26.93753713789393,Critical
7.448750938193174,4.353022597134741,9.47830391023281,Critical
75.23383470090577,14.85862401965335,79.44996541769338,Healthy
44.652738491601866,37.567982388948074,0.0,Critical
20.08329823262973,81.18821925597878,28.513818942566527,Critical
57.896277228408934,29.966048254791527,19.86028960842678,Warning
25.880047676105914,58.96139026809383,58.56241061744685,Warning
59.20123821089776,68.87437749195595,29.18208009800206,Critical
34.28390851518128,54.33742316868792,23.33631701962016,Critical
84.69127089835926,31.782516904799106,43.65113128662287,Healthy
83.46576830713546,55.82037061445955,65.71521498184083,Healthy
47.864734881174805,28.78878190794089,17.69840722193561,Critical
32.37466677126918,-0.17703296031303462,19.144105734635623,Critical
34.81038670945529,100.22517495390548,34.363597048090256,Critical
73.28218667377416,4.113611642329292,98.37099877464331,Healthy
33.525309472355296,-2.164069260249499,40.42190662815631,Critical
20.984961236926907,89.52353875729204,53.43292104992889,Critical
9.034271160799141,26.327592337574814,25.438123593363375,Critical
48.18226913513452,61.24934875268142,49.55195579580667,Critical
49.370674351280854,26.665903068867106,6.189653843982194,Critical
83.75972149835262,33.22328023693738,3.0638779910554828,Warning
22.269873774094656,15.609030037973227,46.66905095911948,Warning
33.88617811675149,27.06196948200711,39.32614129304502,Warning
79.08941195230082,38.376452466615945,19.95717685856065,Warning
82.51377423594774,67.7462158500941,67.64755680865835,Healthy
36.253546870139736,50.4980682904297,99.79829026148802,Healthy
48.49285471628573,96.13642650644623,38.352978869512626,Critical
28.352692842063203,-4.5901603766422765,64.80615715167109,Warning
93.90440407567615,46.45920206147594,96.8278853363652,Healthy
12.21407354460404,52.430313378818944,82.31376552517608,Warning
95.61377508097823,90.69121096372074,40.57731849254703,Critical
71.08901870561924,-1.7097641809994464,74.4788731218582,Healthy
55.23931310157694,51.8558956645267,11.88477520431315,Warning
0.0,86.02155565197288,51.02816357571862,Critical
51.14206362624021,13.857969714241905,24.35865387625765,Critical
45.35673517285702,83.9958415126831,20.416215307776696,Critical
14.675508344547847,-4.102455648655267,45.198320152985104,Critical
66.35090108808424,70.54633491222963,17.39357343628334,Critical
94.44259569643623,91.56545455456316,73.33944871979142,Warning
50.373745586256064,65.01722443440478,47.40095631171594,Warning
69.25918184776742,40.78485994777628,49.68761573028705,Healthy
5.224628138210847,-3.22157905748654,20.167755359031275,Critical
40.702147387644025,90.07272362666495,11.194260656686916,Critical
8.759106246431624,41.15874934419788,57.53632065378752,Warning
59.07930805319932,-6.187100475596258,100.0,Healthy
93.81519685653024,67.26911653045828,11.894680685334777,Critical
63.86709229783343,41.98513074535133,30.289853037411802,Warning
9.310877829092236,4.019459139906573,85.74504620980149,Warning
37.5116024527006,14.104681625723366,5.406406343457269,Critical
62.207501182578625,-0.3324856371064038,95.19216984251355,Healthy
43.69781540969561,54.68122102581333,52.310656521975616,Healthy
84.09371022250248,55.409639428050426,40.34136323872608,Healthy
79.60630758099587,45.20439220212811,28.827386962329324,Healthy
62.064344065344144,78.02366789032081,30.445726859997063,Critical
38.325582393019594,85.84714518510485,31.17432664668209,Critical
23.99369810930743,59.56499033615402,88.4316294699067,Warning
12.938626011571564,-8.393675260962151,73.52470295784221,Critical
31.295474304609776,65.93900807099521,72.26291329044211,Warning
40.58405221415942,36.118253447310636,78.08975677632738,Healthy
69.24986788835957,52.62916170185808,25.84071752702086,Warning
64.95322998698104,60.11866691864348,59.86073585052391,Healthy
6.390550753837882,26.088605374439716,46.89071897827198,Critical
39.112573959538935,86.78055748378667,76.53875501589609,Critical
15.671082999672958,7.2715996059537,29.34928207302598,Critical
19.202973326403193,64.85903128818406,59.939291564822696,Critical
79.67610195795613,-8.795424182087809,88.51462553019037,Healthy
5.145999653855409,94.24201937047579,41.5043564852078,Critical
43.15923128505925,-0.13548136319476844,12.24363779632303,Critical
13.97449987302492,-3.033996435476827,53.01358967774881,Critical
88.15233433098963,27.399303468785046,33.248196410810635,Healthy
52.975154809269405,31.678834215185727,63.14350079165922,Healthy
27.311191062852636,10.11039433617114,91.43943145786417,Healthy
46.826379905709004,55.082424826264656,44.67394678126878,Healthy
71.18694468761569,37.92010487981686,52.25314912190152,Healthy
92.13912586687664,-7.854861324955547,66.32191150992513,Healthy
17.971504243939236,24.494879431518246,8.60085170157109,Critical
93.3918230855814,74.2645633512118,22.47104007704167,Critical
95.0587354384867,64.68442038802166,89.32960902885809,Healthy
92.06293473030826,68.32720475481844,65.16636315285749,Healthy
61.57170479615022,67.90706654305987,5.293170047107083,Critical
65.70490087661108,23.890572079111887,20.372716914728738,Warning
37.84839600027992,2.240769175803111,63.941327351068054,Healthy
77.6207061133691,14.872311554167197,83.37129808044854,Healthy
50.511868005276284,79.81818657522543,80.5654738493065,Warning
65.81028401720243,98.96378185928072,27.445174408432887,Critical
45.12063754323331,43.70544236042544,97.03329279065791,Healthy
75.74112843678121,-7.2420398925166225,56.54013825561644,Healthy
84.23957056214519,1.7957235159867477,68.24413323991665,Healthy
11.494603313011226,26.891084964168186,55.979785499709294,Warning
81.95279096025432,52.36610990965439,9.373935140686967,Warning
54.50034940262626,-3.212093130180812,93.59197758125859,Healthy
81.91874802329215,95.75139695194187,12.308653382963914,Critical
47.24305891448934,32.48300632119709,26.06138109296227,Critical
30.698207706451868,92.4536633639051,80.91682413640399,Critical
89.16985470561478,79.93468215336893,61.74205470833716,Healthy
23.588227246230634,75.63170719360059,80.66274695205273,Warning
75.88940153429901,55.148280608580926,52.45302715607615,Healthy
44.213369860231836,59.22949613197421,41.540879447174476,Warning
53.285412792752176,59.45996005681742,91.69617490952979,Healthy
30.93767905860729,63.217532292712164,3.078371632191065,Critical
62.023628128030275,53.11984536321716,85.86202519146313,Healthy
37.15679896527559,98.12778175969086,26.436393098056335,Critical
5.226080559977071,72.30778201233257,82.18946377708086,Critical
28.13957528143774,72.99970579055112,18.272203348884965,Critical
0.8356976663957694,86.4714331344951,59.28556308735976,Critical
89.87023265204719,11.844528914637241,88.8968339882438,Healthy
92.39104244199652,-4.158726900798127,50.993681199882005,Warning
39.817556256527304,44.68746050090552,71.11048115870992,Healthy
74.68516256020762,48.366058708495146,82.03329839428997,Healthy
35.44961927745692,82.12442106691492,74.94034956519778,Critical
64.43192080545063,38.45025963992392,89.72660849427845,Healthy
83.3552231520064,50.26111550018158,46.065337420854334,Healthy
99.12295655548799,45.65510949504592,18.162459454657036,Warning
42.83519638584122,-7.736253746164579,4.244892011178176,Critical
81.29859628437619,57.2062920422107,27.234439629441507,Warning
24.915167669346246,83.23711890237757,12.604487630951217,Critical
100.0,9.445868710495725,56.60583788097816,Healthy
3.014235794418086,52.07935553269977,18.099512373807244,Critical
61.88754723567811,53.91069321567169,2.0492802599141156,Warning
67.04689369360685,6.620024007055785,5.107636942223101,Warning
68.44009439109165,-1.4821731466215287,82.5337425944387,Healthy
9.458750453541995,98.93795562131315,54.725973768173844,Critical
93.6065683566509,32.81678901319709,30.40533187518386,Healthy
21.078612757456746,14.790105086326268,91.78997667827429,Warning
60.95091290804538,11.53744200673252,3.357860819090868,Warning
24.947649700132935,63.61280652072457,98.87036075298441,Warning
32.93285371398011,56.17752177606863,61.79403470633055,Warning
53.749041981752946,61.934888770625804,17.240830065972148,Critical
45.88574216731638,1.7984067194108713,73.77691526934287,Healthy
14.955920084078512,88.88173931692651,76.8771480337376,Critical
21.622280829922722,34.19768284639161,45.20117878512364,Critical
43.116859760902884,24.1794994078536,87.01770927057416,Healthy
75.68070007218954,40.69604370453199,14.378622460294588,Warning
87.1330605437659,33.13330865283677,27.82649210705301,Warning
8.147985535533161,83.48722844444073,13.724864455380427,Critical
38.69911221545684,91.08258404302892,24.352099938536504,Critical
6.249667216534946,26.13561309309363,29.728840486180303,Critical
1.006401795106787,89.04885101231966,92.42824537108967,Critical
63.760458724104396,79.15194007671374,5.1801576780133765,Critical
62.00291950359512,89.7423292443867,41.41996118569151,Critical
20.220752808673232,14.192819271277717,49.67653414729553,Critical
19.70053628042069,51.08408764941738,92.17043776684191,Healthy
7.507698549552606,20.46867920520787,98.0118729178896,Warning
83.10906746628498,75.03294476856584,66.17285765302505,Warning
94.5439954500396,-10.591942170421934,100.0,Healthy
15.819218020093631,54.9443064958258,76.99830983812244,Warning
21.80815794176467,29.277255101368798,94.59049132068424,Healthy
86.59574236659893,24.477018477413214,75.74190767242662,Healthy
91.43354506298225,60.0729847427996,4.35158819271456,Critical
39.51252448508633,84.79777283815314,43.601836358867146,Critical
7.234238324113124,58.88203056375428,62.89740104997498,Critical
3.0802791605993782,82.78275311565996,31.10046461163452,Critical
53.085031230363306,18.636950263474418,32.45554509551227,Warning
40.9426912619657,46.01318456710788,60.50921755449668,Healthy
0.0,36.89632041462794,96.11019062378861,Warning
54.865458713229906,-9.158548550703046,4.601153991981679,Critical
4.708072273834196,50.657480665063886,78.72042525337682,Warning
75.14817611729666,60.246387424101925,68.57625373021857,Healthy
23.693947699554684,56.40274636137317,96.7301751105627,Warning
5.894384755807697,71.95743022342813,90.28483323190183,Critical
57.92363180987194,54.23878753152863,72.05643464723012,Healthy
39.115476079891124,-4.193612677345475,53.273736460383965,Warning
96.43654015566435,-1.1581437069110376,23.90120399033062,Warning
55.1148760674264,56.54686578912606,53.373465359873244,Healthy
25.265760377991626,18.919485687840993,75.89916071496175,Healthy
75.37223108709478,-3.0203720726671603,86.15246932854019,Healthy
22.72050881334294,34.74219563005326,78.99285235931859,Healthy
91.75895389078788,50.42484073302778,21.80692185627064,Warning
39.398560062367395,29.316713312557667,62.34321463298926,Healthy
52.70790099512038,68.23680820212455,34.852874480028504,Warning
1.9861070465894306,58.63516080280304,0.0,Critical
45.66364643773355,27.91388652214397,18.07170644858515,Critical
80.26377170404936,73.38160273948424,13.708278413067728,Critical
78.74488871408249,57.11785194325748,86.70790915059705,Healthy
25.093782772731863,61.443684298475794,25.334640258485518,Critical
22.712130801673343,55.133982623580685,27.19128116605849,Critical
76.33910021843636,-13.948208365117239,99.49539846022553,Healthy
98.28101945059309,64.14437813441356,36.82882631044547,Warning
7.946059850960458,25.667542844704,3.1963606880108,Critical
43.79759207290327,93.53645927597044,27.974085310039357,Critical
34.51278065340199,81.9590972917153,8.787359717070245,Critical
88.94407593675616,54.857393148036905,15.117792593656503,Warning
14.235804341876277,20.524009396344976,8.10892070076938,Critical
16.132389807586655,14.07001384120359,57.19371507787348,Healthy
77.72469038542727,30.846626791534757,14.762355359660251,Warning
7.35841398027179,44.74289533001623,32.25427700939054,Critical
48.842043338806576,21.761319967065173,85.08303740071788,Healthy
46.57252455242067,46.77569740564279,48.209200630228345,Warning
36.24293995178451,6.453392975488506,89.81514936914103,Healthy
35.31134317693136,97.08709707306889,54.136169836599244,Critical
58.24335821066578,1.9953643901855656,39.49137047816632,Healthy
11.460449079423887,92.34404071491022,71.49544153576511,Critical
53.79363898464296,93.17808830690366,5.897876311449022,Critical
79.75786990912636,47.12931687513112,5.104874527029411,Warning
81.79091451857708,67.87595707485457,62.6294660364045,Healthy
14.465220580117208,36.22609070717829,46.03682713829707,Critical
14.82914530399496,60.61400407291326,73.33011342947722,Critical
31.113672586205023,24.657076300145057,96.16547194079733,Healthy
35.2065182064073,22.725119836097154,39.4697388578216,Warning
37.310248002056234,56.26027696955735,57.58216744161032,Healthy
66.71801717761959,45.379461051719495,50.734936018831156,Healthy
9.780418718000874,53.599789828260405,95.6546243833171,Warning
3.679865413772048,21.46084313429567,75.09525483955025,Warning
44.98303107155968,28.306232315415134,100.0,Healthy
71.93017399258451,-2.485493751689058,26.002808387791596,Critical
17.409107486467807,-4.639962395886526,75.48560319831515,Critical
64.30367703902041,18.422830324250377,20.74557806473259,Warning
23.42315943960431,0.06345454996425426,16.391803957411312,Critical
86.60331178940532,1.6003391841643462,99.39009175421981,Healthy
100.0,82.12767294484158,6.436257318182065,Critical
32.78459395823408,-2.513497297745127,98.79851547433981,Warning
25.58266936334407,64.07424175778611,11.580958583651178,Critical
39.26085626069894,22.431315185805826,86.47373014325785,Healthy
28.761910716858107,83.88859783511772,28.941603160643368,Critical
70.53663113454917,41.050753434148824,37.03500608812734,Healthy
88.25133232290187,24.649357278641162,23.014283965528232,Warning
72.80855553631706,44.25786330210371,54.03044269422965,Healthy
77.99777686064239,31.434638406947705,31.215071898546743,Healthy
36.3696977529377,53.6155009243408,64.20864945024124,Healthy
12.620333624495176,5.42536136526872,3.495650916805937,Critical
70.96327280976192,99.16052400880449,2.2961921047745237,Critical
37.01780760693656,35.51125795602355,9.440076028292292,Critical
65.4266721666258,28.946293610833717,41.36954000053395,Healthy
33.28218982046412,65.97599642774136,83.85783633398033,Warning
13.83700312691218,29.68237741789972,90.84180564466125,Warning
99.23879476653921,81.64417345661079,21.450396218933676,Critical
21.4861294415093,39.91381169430519,61.7770309323633,Warning
100.0,69.3284324068336,73.34677978300917,Healthy
96.37587357911295,0.1508240974632371,32.15966131766312,Warning
73.35416435872727,81.61912442582546,39.25033897858213,Critical
65.28839105331758,69.43474602352684,52.88919812887151,Healthy
55.84683863187305,10.048656952426112,14.165447021117684,Warning
87.22967141322097,6.665121715728743,3.1913516947044176,Warning
29.21163702257304,26.581473263202696,17.304078527132035,Critical
46.95717422518539,98.96038462921655,63.85974061915393,Critical
63.51005116078768,17.726479481454938,9.712773542979782,Warning
37.481481745698076,38.551982505201885,20.36349636604824,Critical
43.982726241735925,-5.209145886367627,29.992022792752838,Warning
31.70961829115742,34.972874297034686,8.596403654310597,Critical
57.023128268044665,53.28004298251389,17.47831740864744,Warning
87.92968233720818,98.33232988072271,87.79919146462926,Warning
16.479638480968198,46.78811390067296,1.0603935446665764,Critical
92.59942291733543,79.58802591169588,65.89289921454149,Warning
68.55316267273638,49.38440602042986,39.18991817548184,Healthy
80.7845143532911,-8.635403935054622,70.43294817865792,Healthy
58.318557751400036,25.97359019915973,62.79109939325519,Healthy
75.79050506600493,53.099475127105805,23.358717927736492,Warning
0.0,95.58519873513727,86.27226788836708,Critical
79.70828507909732,88.18809557681814,49.479965360462636,Critical
7.290052142853058,14.337614019864008,84.55527828229593,Warning
87.5140052990496,9.536063868524884,42.06221803533312,Healthy
100.0,13.091167121550628,98.3050911099505,Healthy
35.33386152136801,91.8085973730607,83.50488355114253,Critical
20.80740036752761,82.32836908924664,94.9564704209319,Critical
79.87251842590355,76.03171021906735,55.79601876111089,Healthy
30.316696344304706,34.77305520487378,43.306234450089235,Warning
89.63781299734158,43.588657652441256,77.98623054188015,Healthy
10.23385526781445,40.473828204660045,92.33883135652353,Warning
14.521842914931668,20.827299291228847,90.69292237353204,Warning
94.05301973065552,44.10984069390563,32.872042322415254,Healthy
65.0437603525506,-6.5120402253694385,82.01669950799602,Healthy
82.87469689799953,-0.7496812473672616,21.82045057593787,Warning
39.154774095674654,84.56116457642152,55.69190248136542,Critical
65.21062140929463,72.99980936812216,18.393484328049908,Critical
56.94175247707423,38.97150061567078,31.456992695949108,Healthy
57.18324907154775,44.16248048722449,100.0,Healthy
69.93268123956443,30.849005579718508,13.098456387361212,Warning
57.96378149091651,70.73434956956653,64.54257322985636,Healthy
46.16651386134629,78.16676582551374,57.354908261484056,Warning
29.60604843628675,71.52576431170233,5.246245700836553,Critical
72.716963551148,70.34744502852443,29.82436575563431,Warning
20.20540969028751,11.188095882215025,51.95533037470116,Healthy
73.33141686026887,27.622773766105617,21.992563516522495,Warning
22.72338753120225,41.82085995282119,78.24176159314818,Healthy
66.09579244949943,25.883670908756883,95.6733769359351,Healthy
74.25878386915693,73.99904570995496,18.282947858435996,Critical
18.968419605788355,26.31619313610094,18.9733026752029,Critical
5.08454775313071,4.9399169422336975,43.34413163066062,Critical
10.19322491276832,33.181616657267966,77.75359190774358,Warning
58.903038439895276,97.94578438555251,29.066178992792626,Critical
85.5474177422693,15.291042518985492,0.27251351255469625,Warning
6.034497394649498,55.359168323593956,56.67276195880045,Critical
68.64455193440173,36.92809300653294,95.68387834580047,Healthy
34.079760572477916,-4.297669447836416,39.19217625776441,Critical
46.09298978527299,43.58673581422497,37.62555070711427,Warning
90.94071055768012,66.05341174160631,96.67691331304785,Healthy
33.59520433098378,47.99576363702258,70.42539508062683,Healthy
44.88233777588097,87.27712096763729,75.91789275080755,Critical
5.514655460608132,19.937574705205353,54.01451964739679,Warning
11.724057629237016,-0.5172058473608089,100.0,Critical
29.40464399530452,94.29925044087739,70.55725339304257,Critical
1.3004934956365348,31.250981807776036,84.94503953241552,Warning
60.25003610006713,51.94817561028858,67.40229223106545,Healthy
42.8859254683266,74.93553681823197,77.77457997669005,Warning
54.36347517394341,27.38303814947059,32.77077964311184,Warning
15.638249102362861,70.58352549610716,30.402150246063407,Critical
26.065999603660728,4.480178282212987,78.74821806677647,Healthy
66.2578935774683,23.574587361658935,26.17679809581205,Warning
95.31806401228256,-0.012251084753492236,60.24133530085919,Healthy
7.106718471334979,81.89047072556784,21.971929830346795,Critical
91.03375024009105,14.177526264392034,84.23256141427719,Healthy
60.990519547389,69.19794421617212,15.106262228764413,Critical
52.61407001992225,93.12178824968984,83.08913063882497,Warning
51.231028443856935,50.84635796131148,63.17581414912678,Healthy
4.7570114717173215,47.28174790076458,24.23387260678481,Critical
5.3264425411828125,43.66261314397299,55.00744494824403,Critical
58.805393855062476,26.64045761519093,27.723978235438206,Warning
37.30197208395968,43.567381833577194,32.14617490039511,Warning
90.60985159705662,55.6504194226857,32.923840451671765,Healthy
45.35541771582456,95.8426345429798,4.0351733190214745,Critical
15.97478141682511,95.01512305607686,99.92338873161884,Critical
70.28961191326187,85.45964211462206,2.6616133466745557,Critical
32.81548743082021,90.52760584415206,67.23239484898164,Critical
53.883221051932175,41.07585752169333,32.65295632618535,Healthy
66.98560038517688,61.480413231723304,64.32317261910848,Healthy
95.6028190269486,91.23351599626416,38.71517885902977,Critical
79.99755594942704,37.048372478043724,64.01829179495782,Healthy
67.69249536322889,95.81256697073303,72.97313018923973,Warning
65.39672022979752,34.230951833895915,63.49143610726925,Healthy
98.13107920603187,57.74015471883282,7.479812068995706,Warning
31.134236031737522,67.57047732761957,68.11230612850261,Warning
1.9989239605044635,95.76364708915482,27.070902065470882,Critical
25.672861909242563,16.389238196991755,8.34635565354898,Critical
24.291439678404604,75.20243564267427,42.78039652016834,Critical
68.91889929211223,45.89073546574764,44.946097275048075,Healthy
61.364825260209535,20.502344793314435,43.48796718555995,Healthy
55.09516785142941,74.44934843713872,69.32710040853826,Healthy
3.368463498962142,50.181437696281584,28.686472368103075,Critical
68.15776459624753,61.88300896194318,28.3317260917405,Warning
32.80908858206249,26.996333675755942,8.046905002414466,Critical
65.16386358630119,44.7768609309043,71.27566919653563,Healthy
59.31383848258209,59.02444526655212,57.979420722460745,Healthy
33.0945608704891,34.324222636192296,32.45830968970085,Warning
16.779445626422188,12.10133944525033,71.51108799702786,Warning
7.899261432959017,97.57589729160229,47.997739718290745,Critical
86.1518063264012,48.120052579103124,50.89352239317808,Healthy
98.02077883966629,65.35068946893999,47.23800383920034,Healthy
61.77466326133124,34.670746947621,60.27343557939026,Healthy
11.219518651241062,28.615976459949827,66.34613726617052,Warning
48.44906893655427,36.12657795963607,29.508260594797854,Critical
73.09368649122449,34.878089180999986,13.856090543759969,Warning
78.16745321169574,51.29817951551347,12.333034296104987,Warning
14.187359071161918,47.62436415588884,67.33913257111004,Warning
0.1263144768225041,45.20702877803744,82.22948097350485,Warning
66.09202660434883,6.626847647819178,36.49982086320985,Healthy
39.05647972313738,41.619536896422126,16.631067717082793,Critical
19.43928792023045,13.62871598268947,71.8675478838523,Healthy
0.03937202553751851,6.256708358267207,86.91682327077262,Warning
57.652217923619915,92.59373551245974,84.52360040585792,Warning
84.0454462566698,54.88768523176993,65.35422434800427,Healthy
93.68207514986558,62.193736093156865,89.17822243612319,Healthy
59.212286776828606,34.364908455892696,5.2466630513635195,Warning
48.89278841348626,90.86922322425916,16.384898125812086,Critical
4.83896139014825,63.17367555268326,9.501290477497172,Critical
55.71082211673983,73.65648870870893,68.22154463801343,Healthy
37.449138001301684,31.66729126819364,6.649154727051977,Critical
56.982508745791165,93.01644856490357,47.93644043040382,Critical
40.78349240763928,79.42354048876412,45.14311604608774,Critical
25.423375161768377,84.68776462733852,31.52291266624459,Critical
8.417262473020752,10.323894398850578,86.10540435158674,Warning
30.617848440514734,18.299487912504908,14.786691135048612,Critical
11.075661654802698,20.53734257316965,34.51007126216221,Critical
21.260779341654594,22.72112782832292,79.06408539490403,Warning
97.88523622762662,86.41871507072776,5.911483059106512,Critical
46.37442116968629,-6.075758092950135,62.48626828506389,Healthy
54.88277730175545,-6.102291518556257,80.73016937717144,Healthy
89.99977475184846,25.152900864669427,92.80275426739261,Healthy
99.67481764529919,11.946164088124313,84.0821039824656,Healthy
55.534468392269076,14.879423411070666,31.57929448424642,Healthy
79.85988464481726,76.72903096615478,59.08040096091534,Healthy
33.72266283101247,52.69665940252338,9.285852950889558,Critical
36.02978887987389,-8.592062079431662,26.01847443169587,Critical
38.81831322986719,39.126759973714506,6.779389644758072,Critical
69.6650885979471,33.015217624841455,37.55481909811193,Healthy
67.2349995734796,1.9089898826172664,90.00610166073768,Healthy
31.85534973260349,68.43668819260868,36.37484320137886,Critical
17.867182661453647,67.679871988244,59.20430407117545,Critical
65.53250339081215,68.95320534907725,44.07191232692551,Warning
9.10868840065358,68.24856848027773,49.7505550864394,Critical
56.13182575149823,-8.982320425805849,97.12782103451312,Healthy
73.11087683895497,96.99332485722432,29.620689207208343,Critical
70.48678376733065,81.31213966763255,64.63813238869075,Healthy
71.90069070711208,88.92038489760354,46.735339596817475,Critical
84.82908482164528,-7.556732949455173,10.650763950636541,Critical
52.10637976461236,96.06778640972855,50.71162595720359,Critical
76.00814979661001,81.21850274003445,82.88416848024123,Healthy
61.97083944103019,80.52578024107021,11.963424101458296,Critical
26.089935382576563,-4.830397809826402,9.916047479640689,Critical
5.041421577307732,71.85912819521421,19.259347857566393,Critical
27.723695358794675,97.18797211412688,75.73025888691906,Critical
41.85625248946391,62.46175857225115,76.35372228398597,Warning
58.785941528948506,52.74417546446115,57.53076223282497,Healthy
86.00219701176164,93.49186642064352,48.77543527676308,Critical
18.158240535876345,38.93165603525236,92.9784294348642,Warning
17.576210251797985,54.83289971991323,78.91096913362028,Critical
100.0,44.97823427963627,83.94221181963903,Healthy
12.703655580132393,92.90902211089843,80.15797453521816,Critical
44.31211849184823,-3.3887138281237013,68.76665010580484,Healthy
56.53971626167298,46.95809139797574,47.88852256482296,Healthy
57.90447466796713,63.03639336041481,86.84597241208654,Healthy
6.914017103909015,79.67870798151633,95.90396492100437,Critical
9.06911660212051,56.11417006730012,10.144095819115797,Critical
11.972154515207851,92.76050244400152,1.6487138211593253,Critical
58.71392204170081,93.30256641234266,93.46313182207388,Warning
52.325990324625785,-3.917113408272566,35.77197731092713,Critical
23.091347673100174,34.42880287141737,88.617028491855,Healthy
64.34635804918385,-7.588381183384075,39.452120932034966,Warning
85.1043669004683,24.930359740061697,11.563848535949065,Warning
1.5006891827581121,47.94825734851495,11.669628023847746,Critical
49.02454382722589,89.45469666156146,23.48453183447651,Critical
69.06551060606589,80.78096809831459,22.993753864536437,Critical
27.219227780027204,5.380896513117098,48.561205211514626,Warning
28.05169751674658,0.12874694635651424,69.09760867087476,Healthy
57.41408092027674,54.20265032476608,100.0,Healthy
91.81542479950384,46.31226864858274,47.81785464186883,Healthy
76.43859468544983,16.980794601967695,56.681292590310335,Healthy
62.167961054244856,92.8116674023667,54.4817249861864,Warning
72.55439348327619,90.75579011504774,61.50143392252446,Warning
31.839653773956528,35.50831500583654,50.049806760823984,Warning
62.65529215166529,88.25855022228758,0.0,Critical
47.75553001196341,26.684001446710784,4.580515090932698,Critical
17.39551038309116,74.6347531475442,10.135128771401302,Critical
70.23391663419876,43.721811887801884,6.027839372672041,Warning
57.866698831998065,1.9488069071805114,69.54150198056726,Healthy
35.255587189196284,92.01602912721317,21.2585792138918,Critical
88.32274597846467,37.652258536721696,87.53266576183923,Healthy
1.1964597905578036,74.44601539238667,89.81665089641818,Critical
35.82183553432738,28.57380417095921,96.96644638001224,Healthy
10.743332813764209,-8.969271350003506,90.71453022761688,Critical
70.59295310033589,-0.40078270019323314,29.09422530879316,Warning
73.4838291389537,44.744901544310025,45.14626992967271,Healthy
33.88566502173778,68.63671228417849,17.816771803590367,Critical
70.33823825806775,30.39963482191101,82.17949518156823,Healthy
37.942257838792095,65.70573822109695,88.57154679516448,Warning
70.32058861373898,67.606432802151,88.4085526209641,Healthy
47.171832639612994,67.59676063126953,39.22501116707109,Critical
38.40504099931841,42.214185413367815,73.76411996454976,Healthy
89.30811425437554,95.48258766255734,8.767813018874277,Critical
21.132705841649624,46.537136102460224,6.162650770152988,Critical
13.847475346902547,39.90740298405227,75.97916418901444,Warning
58.87266872403341,15.095642278166942,48.96562538109562,Healthy
99.27957929404191,26.266273034632626,97.13756878303523,Healthy
39.79114713620776,-5.179483140823121,5.540454889811286,Critical
4.9408756691268545,60.3408095084347,90.93003510232255,Critical
33.71910600932438,20.363184116733525,43.70573080110202,Warning
49.05885284560823,21.564770831141804,84.76420768458485,Healthy
15.561317344624898,78.13697877771801,78.77671809094858,Critical
62.90845759170601,25.544105026389694,85.39124508366469,Healthy
100.0,19.690901607140773,28.660649747170584,Warning
48.39930984508965,8.58589920978199,97.67843523363179,Healthy
33.0230165835583,75.90963668496109,11.501382770342808,Critical
43.91422561965069,4.199071665758039,9.925161943783547,Critical
11.855182328953939,38.84922638191643,45.45014242079427,Critical
89.05059707183982,45.22220297220276,79.01722643962634,Healthy
36.384276993312646,68.37111320176574,46.65882919720745,Critical
33.30565421378693,55.03285509128456,87.6598922200329,Warning
66.40137638138648,76.70134213435955,74.92045843932175,Healthy
46.57253846700838,-6.528285686830008,20.158361220165293,Critical
62.80920554984974,20.451790140861654,96.13404893370814,Healthy
11.154910714828018,23.83471228612275,4.022326937528997,Critical
83.57714229498569,8.577213570838314,93.16905778953456,Healthy
91.3253715328163,22.993671542997976,33.784125092843816,Healthy
64.96908461709913,22.798576420764306,50.3775260616981,Healthy
100.0,50.07739454561088,42.927305739446524,Healthy
11.415539428597212,59.831232829897075,14.187065066674602,Critical
49.32642876478068,36.20502177759542,31.758577358965823,Warning
59.2124397363747,67.77246585011683,18.163629397454933,Critical
60.294353614874204,26.454116800070917,20.12644241697885,Warning
43.947998847859466,21.07251680363421,21.893566094802004,Critical
32.649729670492036,47.38447131607533,51.66902128651436,Warning
16.0391390701634,-3.540974118489195,80.34763541620883,Critical
45.8378552390437,0.3545928613090137,60.468620329242455,Warning
16.464905722581218,38.40759087867755,86.49020031864097,Warning
75.7912337117044,91.27305970897167,66.88645951950753,Warning
19.111771238849173,69.7281714367846,66.56272542021203,Warning
5.9143084555470224,0.7359800237241598,70.47980656289305,Critical
54.70658850359871,83.63649445299579,44.90587992406417,Critical
61.91378104891595,68.23233786476392,62.93902219039507,Healthy
90.80533393532133,59.355117869553126,9.161246138990442,Warning
57.36919669441581,80.47532583257981,88.41378447006865,Warning
39.148953909543344,32.54215518043928,76.41147418092599,Healthy
84.89133047731694,10.654614514818473,23.40921708798583,Warning
56.56845054828181,47.535905828943285,76.32460958575443,Healthy
6.379948867953989,55.273504583545126,0.0,Critical
54.749569581104964,47.185392374397765,14.630472728802612,Warning
88.36471047809613,52.49901116363752,10.418600781480762,Warning
42.47876076053654,96.57853556449304,75.55048865955773,Critical
25.997275567511913,86.70771400838284,81.1532074465678,Critical
16.377458664135027,85.36896048331329,85.47480778359981,Critical
11.901224150063394,76.43553164142618,5.1497552753621,Critical
45.74778679370781,95.74644518883048,48.172375810439334,Critical
59.619641164344635,3.4854557234424757,65.6584161909419,Healthy
12.062456202539657,19.481631288494818,12.27946595411848,Critical
97.38122263748039,42.772685884016134,63.63970856980373,Healthy
79.81855798052592,82.23321236771888,1.2913207324166516,Critical
63.04484798323361,44.307231239007066,16.706308543058814,Warning
83.27475959586367,70.32928360432874,46.97464741692677,Warning
4.542296481937515,5.081513175743853,61.47325235335012,Warning
44.52631860832031,18.915172396345344,11.465457400652111,Critical
56.74876709821853,71.47588534300101,17.860537519551386,Critical
79.61429311154464,8.104276248510624,21.513496351497203,Warning
78.55342697804072,28.76326048569267,21.197612465897112,Warning
26.027962428864477,18.9721867693133,23.532142681357932,Critical
93.54761014269087,25.890363286140087,39.92544887372724,Healthy
13.912730401471238,68.23591519254248,65.51962266072746,Critical
86.60116608791795,29.295938754798815,41.847135941877234,Healthy
93.72853855922409,48.384279048554546,73.59725208688268,Healthy
17.55565131957226,1.733917610216229,77.0162065345637,Warning
69.51113496006,77.32848618297197,14.543609154279846,Critical
3.216192386862657,31.14325666381141,7.901357291256607,Critical
44.5706134071845,63.03403312380652,87.54326734544385,Warning
50.816814007478875,67.89237874051112,7.491030329506929,Critical
63.37739525100664,13.246943996432986,16.30589711414747,Warning
97.88863278566987,83.69340258140777,0.0,Critical
65.48715280368233,60.84973385798338,59.489706121805945,Healthy
44.79442382267637,34.4416325988854,55.84373168174974,Healthy
80.80984114082835,9.027230868809399,97.32666737590027,Healthy
98.51326538563156,96.32986297666065,86.05415259330674,Warning
0.7360421495430196,72.5884566023168,42.082739123843204,Critical
100.0,10.487906528056776,37.40292579464201,Healthy
12.238533873776298,28.574331684237766,33.86379749725264,Critical
79.11660097578832,80.44523331399043,22.661969475125822,Critical
26.005321990275487,65.25817027495683,10.019814939755607,Critical
15.355951871768195,73.18641915716888,13.670286442865878,Critical
44.441106620308204,37.66130330218639,11.848053353298777,Critical
62.337473365130315,68.3983409692663,24.008610031259703,Critical
37.03864315798874,28.72836736118689,27.412389318415137,Warning
5.2449821700876385,12.876073140965408,93.40630476696393,Warning
55.25155069100528,63.16230222891589,58.56854193593693,Healthy
92.53725693051555,95.56959188139396,95.92352723140638,Warning
36.88546002790759,22.999119666546726,37.72451069906835,Warning
13.282129091688406,38.33941981698656,45.02481390530728,Warning
44.18612168835318,65.36447467047459,32.88283962589176,Critical
2.6115573281975637,51.97208574975841,15.428863678351966,Critical
87.11522502493551,85.13769320635066,14.788878504761527,Critical
80.87774603225877,71.29567653385942,91.86506203035341,Healthy
55.507116252227014,-2.5877241141468055,99.16315500584633,Healthy
36.834086903725,102.69383580004362,8.509138018190626,Critical
77.99699434055559,73.78359612456164,15.817539023224866,Critical
53.13033387508002,85.98618415904001,43.31802037725143,Critical
84.12173500347484,60.68846317321779,21.084967186933376,Critical
60.02447733463336,84.63158373273117,32.17736432926854,Critical
74.06872634668136,4.834763601570845,18.066399707132373,Warning
65.03429332805901,28.90757984838224,42.48440569434191,Healthy
43.15260303436855,83.90975428443474,29.80844460903274,Critical
95.00195813763067,11.269989890786203,37.431235537635054,Healthy
54.10095085877867,1.025189921580488,6.724766061760478,Critical
62.02654492840231,77.34257003467629,45.83946348131445,Warning
24.968776290315187,82.14160127724874,99.81919939539691,Critical
60.297153068782606,6.783712934395666,38.553240621325806,Healthy
58.25920452619143,86.35525646716756,88.22306373826738,Warning
16.96372726607178,68.86928271133317,83.99428416780073,Critical
5.3917660017764995,49.7354733998603,93.66155424596646,Warning
60.918010573871825,84.2127044488431,73.78088541265593,Warning
76.34919121587404,35.4000049435539,65.00500001162801,Healthy
54.54683778710854,10.338996989825883,84.83074923996912,Healthy
24.13852220931135,21.021104080169128,8.350642613407269,Critical
62.12769004118696,45.64518849621714,42.013756387233386,Healthy
3.9371030397638984,51.30842675429984,98.20858722794524,Warning
43.07422042591759,80.94566438747253,78.68876930553957,Warning
21.822551627167492,78.12573837626577,98.23406683019985,Critical
15.891129608483531,51.087947760809456,72.38399008493593,Warning
19.604726786982106,72.51035948100865,89.6074165701741,Warning
37.06166762352822,11.576005901907214,69.91324149095463,Healthy
3.4528874097755224,-2.7323756085361888,75.49516780922832,Critical
40.31406332462498,85.94058639184475,45.22425487438256,Critical
55.37307654005704,2.1408033238614625,96.90448356908693,Healthy
49.69733369627429,14.970845184278831,83.03428771737005,Healthy
35.867817156022774,64.06838055969111,79.7941152869951,Warning
92.17434933948488,33.71071119005536,68.42651482105462,Healthy
14.768388904933788,84.98994226432349,31.491430031265974,Critical
48.83801150899106,23.83034915021361,7.2306119978129,Warning
10.4404308196882,-9.537575570057482,92.63644663308182,Critical
5.708356033959519,19.97643953912453,58.64802308736545,Warning
62.375325932671956,55.37141232372172,27.885873714100303,Warning
53.989914115882094,27.833317442218004,16.707356626731993,Warning
92.09344245120981,46.69356668744166,80.60184552505032,Healthy
56.390510558852405,83.18037993036432,80.97304789351719,Warning
99.85225873859231,90.78759851948229,81.24740419971339,Warning
10.574781966097609,19.629242536254754,60.83067788276714,Warning
6.402946606510344,44.66836070172178,41.407932414805295,Critical
8.233901619313107,52.23349498885073,36.18882866125133,Critical
14.300973320077789,97.28566262439158,0.0,Critical
50.985458028423125,100.4251244106793,79.20097084915253,Warning
62.14698976336549,13.940933730386803,9.753045866070432,Warning
6.069425703400463,70.2240010520267,61.62919225016999,Critical
94.69613661536451,32.76825886042609,53.93153808159293,Healthy
83.7151294125496,-7.700483578013396,50.307496106045406,Healthy
30.099954052776397,-9.927046820267426,94.30482419806266,Warning
9.492621790527215,41.639833779412925,3.5034818952992905,Critical
18.99345169372979,41.850784488794275,75.310437931037,Warning
15.97694188234266,-9.603888565142743,5.925389322206538,Critical
17.788482368197002,63.33044642240231,6.450958268962268,Critical
51.79208174924896,22.38962472255844,43.24231537130438,Healthy
23.02147736294728,49.23256845880182,6.599371429675448,Critical
37.65458004047001,22.25160926845405,76.29604484573018,Healthy
95.51776888963839,10.190607738451709,56.38892375854613,Healthy
66.39531249619965,32.73085188971967,6.037518000406996,Warning
97.89620954387851,14.54144605994645,2.8183910821324614,Warning
13.883270378858446,48.97137001466083,60.893987595498956,Warning
34.58937010818281,12.36491213457733,84.85384378391146,Healthy
51.0037711321399,44.92607624929786,40.379240664334986,Healthy
7.821956227055224,8.885356773045746,57.27093232763878,Warning
3.8444339736998163,64.9881226450058,78.30710408559678,Critical
70.42907071228531,75.21285849728005,66.38485103443685,Healthy
64.51459318882203,1.980161918798596,22.66636395187796,Warning
47.10560925724956,40.43262770519462,65.08633814136799,Healthy
48.64994650538188,-3.56937697198815,60.54396386113797,Healthy
41.12859718901672,56.414124045478985,69.66511204113986,Healthy
0.0,18.330161206638444,61.38464038407679,Warning
32.1950717742626,46.90035069689629,97.7122634196443,Healthy
20.264270644454466,46.024136503781385,18.19663582565761,Critical
14.534302920715987,90.31159711106955,97.38399023553254,Critical
93.18133948793313,50.79719670808498,53.20408833157033,Healthy
61.32272949209571,51.3046664039266,60.95130256419138,Healthy
76.00626552063014,34.787876419031754,11.604595682797987,Warning
31.569998786199445,95.75185387091575,35.409982960369234,Critical
32.464871576819824,74.32869176200246,75.85312250128771,Warning
24.4342693883951,25.238655812525668,75.3504951205171,Healthy
11.980858968725153,82.89829705733924,9.332373988904289,Critical
15.060895059103004,34.44091365416012,52.93294604444603,Critical
78.98894093702542,80.59089997602199,10.561179188736464,Critical
64.28809239199128,80.64299980215681,97.9288194465483,Warning
46.98244495280663,11.67365565505441,88.86903991663365,Healthy
50.59000052203977,66.61066340397177,0.29073979815803774,Critical
92.2321827642069,19.94758607230964,80.69192684907364,Healthy
12.066519767981788,20.53423246296894,92.22812572704188,Warning
30.632047899510127,21.29108988650054,36.219318417184006,Warning
33.931156072075055,68.69695650655677,69.93716026884317,Warning
77.99303924096556,13.010916267380454,47.473749755089216,Healthy
100.0,-11.365984445137475,64.21500780634875,Healthy
26.967701725982536,69.99497093196834,32.1201049552421,Critical
88.39874530593409,12.127147037252755,33.83543301765115,Healthy
86.37905547904758,3.0039869116037385,37.81534291584032,Healthy
21.575733554153246,18.73849543772024,17.276812960358534,Critical
36.9418273795652,33.73729439196484,81.90738897135518,Healthy
40.77285916856852,44.01595667884877,37.837647765345935,Warning
98.43762152486438,-5.772888047725266,43.879346968071985,Warning
14.484583953671972,97.04488834578355,91.32592159728588,Critical
75.90563085803834,67.92569719123935,47.226461528132205,Warning
34.76143030673128,25.11313286100972,50.672895815633076,Warning
71.86796402350477,25.193032502166883,91.34759448770413,Healthy
41.50357771258028,40.76681273368859,91.98137041960285,Healthy
56.75689831455153,59.73357726696388,16.5422705522434,Warning
87.82298003790275,5.777378798757741,45.52383760821796,Healthy
84.20183997957342,10.893356995928087,96.73337628823788,Healthy
82.93025728385251,85.40473146007766,40.47849344972277,Critical
4.363352895224561,19.522830503913653,39.493530207698655,Critical
71.75506810788328,28.783459450755124,20.818541646042,Warning
15.804546383486013,83.68512567671499,13.345969584191737,Critical
41.457482914851745,65.16088230185916,74.57099614208903,Warning
51.44604089057614,27.466567587723603,77.90938604204092,Healthy
38.22632833622244,64.35879684297433,97.56437204375312,Warning
50.41086487766188,-8.36184525389657,77.34163735365364,Healthy
100.0,70.39328199009708,26.595371054853715,Critical
18.632912835377184,44.68764001983509,5.095504147452729,Critical
65.48496382927817,77.2340034133292,95.90159334364515,Healthy
36.521990895895804,95.05969721370504,35.63169271092853,Critical
12.975220460249048,92.32897590330333,31.938895442379987,Critical
18.96889327897313,90.8116906132185,92.42976138168355,Critical
90.58666172427958,46.784423145148175,58.19736911365353,Healthy
92.32105212380104,30.64744501591124,23.92233832621493,Warning
90.18810195515518,40.00849341825738,88.72539861902548,Healthy
96.95031757579854,64.00495489981977,100.0,Healthy
16.030971140565317,92.15376434233157,7.2984415672315395,Critical
37.66349605666806,12.165963960864678,85.06340066795187,Healthy
66.40838940676205,90.6323384894782,40.85772733806977,Critical
48.89237043432824,81.02550571212356,51.4119244694362,Warning
39.13651811479926,100.8663402539943,98.09894566074256,Critical
34.823836830806236,85.7386388271162,99.03725453784881,Critical
57.91831945528101,18.79547572973068,26.29116149934254,Warning
57.25756354787358,-0.829156453737975,23.744779426267925,Warning
14.137126427296577,5.532730362080598,6.609614629221635,Critical
42.57144086978224,19.958351070688302,58.94882972391285,Healthy
63.53267685687481,57.50509776526818,4.0461451950574245,Warning
52.93848113112651,76.52066620660304,44.95043193433231,Warning
21.555096312062798,86.02082193205551,6.015973071155123,Critical
68.91105573995655,58.02812157442823,36.85437853052016,Healthy
0.0,-11.25612893039641,2.162755008953281,Critical
35.776665029873065,9.11158856619206,82.67683451295865,Healthy
78.54436761686826,4.9820926187052805,25.975534196411854,Warning
60.17378907794739,30.815484520935907,39.41590712317444,Healthy
27.314883774133143,47.01154833882003,88.03878657457113,Healthy
69.04587977806739,-3.576991230659801,74.65477795727631,Healthy
53.890293683412324,28.13085549136403,20.854112672783216,Warning
84.12139715033936,8.830327490030236,9.664012916382205,Warning
76.28907235713301,61.67558751219836,78.13312186150851,Healthy
57.27180377037819,41.40686216554239,44.42780774237575,Healthy
48.931658715713304,43.34733032839935,80.02192974963963,Healthy
13.75036926133183,37.30579234461444,47.899384830862616,Critical
25.09634081872137,93.74950874012978,37.09717095598998,Critical
44.22549874912891,13.277947902090274,44.97866888411404,Warning
62.4251281156834,46.1625016337915,72.64625389944528,Healthy
50.79932842811516,68.42416533497538,90.15958638605359,Healthy
27.975844858559974,46.55056901857754,6.243738465251613,Critical
5.14331116697365,90.31417092896872,48.05025242654063,Critical
52.422438867168104,35.18472844971386,2.824690720289133,Critical
28.779680025949464,40.38497507097613,44.36315743866205,Warning
68.57320295381335,1.289390995412935,91.56980639289446,Healthy
3.426626845963457,52.74101192952542,34.509901435560835,Critical
60.57703152533209,19.68674439336301,94.22970310400729,Healthy
85.88385886541141,4.925015111987872,60.96078628625421,Healthy
18.19653505610403,49.49384219932166,98.20863235718339,Warning
45.91487311467233,53.39803993286065,70.61439173164821,Healthy
8.479636341325163,-0.7336415788989337,11.77103779540813,Critical
59.8460483678453,70.19492495094818,19.28336375094791,Critical
54.60860018841163,58.10606751622248,37.88904750689607,Healthy
44.91252714982723,13.521639849824837,17.62924831226112,Critical
50.79850665092757,45.7843482503106,50.257231571616565,Healthy
92.55418652328056,69.01678267982068,47.824616093435296,Warning
17.21043657446787,47.15940203708569,96.08116722566463,Warning
4.53271974850284,30.868176506212414,41.447255503977445,Critical
86.17145603677595,24.839109871749862,78.07052045953334,Healthy
58.76778272515849,57.30711868124748,94.28595653368473,Healthy
89.0873053144767,97.36386404882477,88.2849642876752,Warning
61.61939803864089,61.301984504331,20.669721032738217,Critical
73.31335364216896,-1.6586268126113377,51.7917606883078,Warning
38.707860395142085,37.04673084025548,35.0541391400454,Warning
76.23723462285281,87.1371288084919,40.589847416586395,Critical
85.1735316272969,1.0136575529435943,34.932725579640575,Healthy
55.620555305279,99.80149464050687,79.47859523765715,Warning
17.915492533128006,95.57567946028018,45.675992304442154,Critical
24.395341090181127,-0.5949990539399644,55.99177135635763,Warning
17.789773481659257,93.83630912964352,99.57631939689871,Critical
25.500449360034068,30.03606318654617,3.545445395507269,Critical
33.66942980244307,80.82227576636694,51.23998405653069,Critical
52.63803053155442,32.31885322109975,76.40081949122974,Healthy
57.073988357821165,37.40068675380231,17.260157760263514,Warning
40.456191804204984,59.497509141403235,60.04677186678891,Healthy
54.27793872645171,77.70037971470913,25.006397272928787,Critical
8.58262793208912,-6.484396746005024,85.18491931258372,Critical
11.582976943301473,54.85402143955139,31.230809050596925,Critical
20.232875657713493,11.311683604394368,28.20748558880374,Critical
49.195450674712255,27.514422990049923,61.35561230927283,Healthy
17.644373724270928,29.897637274967693,19.46679971645188,Critical
28.393256992032786,45.55530466109466,29.76819203908893,Critical
42.51910467699881,31.13657633480047,42.48917669533659,Warning
81.65116374596913,2.0038042840624315,33.07703621404113,Healthy
2.2541274989072955,6.692945967190554,55.38541959403898,Critical
68.36337480687094,-3.1641093475322895,62.94235230717344,Healthy
64.67024342637643,41.42747534037043,54.302032979504716,Healthy
79.20566777564457,96.34763071767709,67.0132031732431,Warning
98.17911044131493,0.4539543419211709,33.399925216885954,Healthy
1.4233515256361018,93.46741593378903,11.232327895471641,Critical
11.576359653421903,72.9819958538209,75.19264707537465,Critical
86.60906111684841,58.6884770551827,86.68037848770355,Healthy
43.03731666503781,60.72445072813257,21.169633914000322,Critical
57.530551650450164,77.7916220323868,37.443643951199974,Critical
63.614879361548404,5.7727216707996245,46.887596672746845,Healthy
68.71976320814748,48.0490317318434,47.94373518081715,Healthy
90.96584467602887,67.05622434098893,69.20383643132763,Healthy
93.32480612597229,55.56527470225665,0.0,Warning
72.93560545403979,82.39749402644915,73.1770402636958,Warning
29.167511965155747,0.7185114973102356,8.632150882206686,Critical
89.52851367656089,64.93951426016551,45.948068904046984,Warning
2.903129796580391,50.20758558217542,80.76201068272567,Warning
20.76945186137149,33.86252803549812,45.82005868004954,Warning
90.94297232181613,29.86089998669631,14.914473878608222,Warning
30.176210161528438,53.77284783749783,100.0,Warning
22.09860999069383,86.81094225433884,81.04298278623244,Critical
15.08628460216616,42.541010628518876,74.37524089405701,Warning
84.94641271141452,81.0187246196026,42.835890941669206,Critical
45.37493435348762,30.20514156380788,18.53591501725316,Warning
70.39160856287765,-2.827854874641786,96.39722061944073,Healthy
26.631881124761453,1.1058209942027606,54.02117258043288,Warning
77.93636417664723,-3.1178403778687853,84.83133484902457,Healthy
75.45471818118259,32.05853410174132,33.302635246662064,Healthy
33.05097079004563,27.82349788762059,40.50399675557382,Warning
43.74954869319177,69.265754445981,100.0,Warning
25.829503797890208,73.70506648743829,53.66982014377064,Critical
100.0,-5.670951812416577,14.304934066419875,Critical
64.75172138094209,14.696788569938782,23.581865447531044,Warning
89.52962830527844,20.6236460533544,50.6749320928908,Healthy
30.80552925592854,48.14360233879236,5.503571105954662,Critical
78.95882348723688,8.450640747890635,43.99925816767038,Healthy
78.71295371442912,3.842180654197221,47.247616511186294,Healthy
73.22724076462443,95.8516211524932,78.67225121521075,Warning
96.2784459905097,78.69214525549887,41.535986540093624,Warning
45.65849518007089,13.139208894846849,98.81631861459195,Healthy
7.793871298853999,32.63970069256096,17.340031873713713,Critical
68.42891154179095,26.948902315311308,63.25108886895288,Healthy
70.53541887116855,75.19905696518619,9.873490575058765,Critical
51.784391346815056,46.390011913622175,73.78666630292606,Healthy
20.076466184442154,7.146407860837783,95.87427618926937,Healthy
46.074076071672664,74.47531418351733,83.89451719057071,Healthy
30.73468996281449,29.037740403864202,54.0904229231624,Healthy
42.850960560952274,19.421081561981254,47.130762112747284,Warning
67.87748181247423,24.87894120124917,82.03134959046918,Healthy
69.99871886479164,46.34328558432867,94.91450997515834,Healthy
25.94780458707163,29.97904563566145,94.31452375908223,Healthy
40.82677741553472,16.52914643570899,39.02138672827099,Warning
30.002704559991702,34.00318632342734,100.0,Healthy
18.567907861093527,-7.743702031630714,11.855618609363127,Critical
74.3419882392935,73.40587923311205,25.873614475994675,Critical
87.27277146505163,9.667349863077398,7.007414212577116,Warning
33.147796207456324,-5.6333085039364175,25.962772290051266,Critical
76.56133489613865,63.76743963813796,81.75921194297084,Healthy
94.13029500308521,74.90572030156548,80.34096826720994,Healthy
82.91756647305749,77.79915826223623,80.18615552477203,Healthy
20.168744748695943,41.214280750934975,61.67279301043799,Warning
91.05886197692928,8.862370665786958,49.81365929682756,Healthy
38.20860779047815,73.72006318538982,67.53574189389985,Warning
35.92975396639501,66.05285978125906,41.34505383854309,Critical
1.8987584019474282,17.766929131512356,83.55662130111813,Warning
48.00571500354874,92.94131292839627,66.76600115629459,Critical
13.049112985549566,0.3552517265154067,70.10998063705307,Warning
16.052670151054166,96.84075138628351,53.08273793568172,Critical
35.70062136183336,84.36293570281046,82.52083478185669,Critical
81.94367047684155,65.72771640353827,23.729000818973173,Critical
89.69904798274169,97.03759041129331,40.801088008950046,Critical
29.008473908562674,72.58586970379608,73.24440757543198,Warning
80.70164467976132,12.192020505118546,46.005075913364706,Healthy
87.32528260592997,41.53600273040303,87.64102715622352,Healthy
76.21732406223781,-2.4911053486558226,32.46306172037381,Warning
14.765857767815115,33.460645586069646,36.84936043553965,Critical
72.29510564566976,70.97330488201557,85.59434868362631,Healthy
96.78859807964467,29.928031837230634,45.273468446775986,Healthy
74.01776012798454,28.740108785081944,51.46847482545067,Healthy
33.62324759740389,56.55252694411403,35.22319278219185,Critical
47.98429442970978,85.97864513672577,31.40136237620698,Critical
64.00725379437918,-4.7707845185519835,64.81022962227888,Healthy
52.304030990466174,29.38931807515788,17.648246877857865,Warning
15.042863730075913,5.451530933373467,87.37555037665734,Warning
26.805302610885906,67.1612739207337,80.40693912128037,Warning
80.26521590090076,0.5714763128758247,24.869349574760616,Warning
90.97042958066685,62.69342736139192,69.81991981016435,Healthy
13.009376658549463,21.270583658211603,56.14271226383088,Warning
98.03171080447977,10.515911973060495,18.726216645287302,Warning
34.361614366508945,91.0629447207003,25.485421940408514,Critical
69.09895569264694,-11.187011819795602,40.07535429246608,Warning
72.75323297086831,37.862463349829504,75.87920417203303,Healthy
78.7784184535916,-6.383813733982118,60.204050612028965,Healthy
94.63578589895987,39.90796700703629,54.124885234587374,Healthy
26.695289441161325,45.06711590718635,74.20789047043826,Healthy
85.04142363532047,25.945158358805294,74.87080013701384,Healthy
13.927320316167705,2.558634720294314,64.02044241183904,Warning
75.8579974562086,34.24691277388846,79.6535001689016,Healthy
75.40592751920805,63.17749265450544,32.75124067103615,Warning
69.64800953275135,75.86101957397749,86.17555185646668,Healthy
28.724901154665318,48.0600272614997,62.43924315665492,Healthy
84.41034193483517,51.34023454319101,87.35941153270316,Healthy
16.39059834992654,14.085304967079884,51.92385465115752,Critical
12.639716927494762,19.695299118202964,27.578816155241356,Critical
71.50913239403769,7.335476074947952,57.839505220006316,Healthy
50.89686376961999,18.617810503063236,41.21922648039211,Warning
87.80101562738693,17.659352677097566,70.67520074649826,Healthy
33.90537296266283,44.97950193924246,51.09276850000326,Warning
17.75929668178908,51.00279596579138,80.5847866454169,Warning
84.08446166360265,96.7090535503798,65.80311950864613,Warning
55.88083952752847,12.440198939718432,70.75188474489357,Healthy
16.65724179966231,61.926670835867775,22.603068514777945,Critical
68.6876413229081,77.79625611707519,97.97983887363573,Healthy
49.6833338488875,50.868141956282656,76.6596942553266,Healthy
60.137913232779376,17.714730910357467,77.59406631195496,Healthy
49.644787163459135,17.164735787514076,29.49936117510795,Warning
88.32283084097746,-9.031303413537824,55.043768218657696,Healthy
87.14606510697452,22.577867802805795,13.136813221731158,Warning
73.51943781478415,74.61498108954068,51.96269603377108,Healthy
7.527116952747457,-4.654699776096866,22.51765609620164,Critical
82.65869766543841,16.871062902678126,58.418307829042824,Healthy
67.73107621052996,68.04361666695505,68.03980443955874,Healthy
67.80509948620143,74.5622564513405,45.62624215903676,Warning
38.02990099797102,42.64026313327557,52.261063181178656,Warning
90.08941394046353,67.21282951398717,85.25247673903999,Healthy
74.14603021118216,34.598416216892915,8.192625415205729,Warning
14.334450466592191,5.453800610412884,82.067997576228,Warning
38.06402979947705,35.87395686674873,10.897392260294112,Critical
91.43652230829076,55.93423877343411,3.437459387434142,Warning
2.63273381937731,94.865395292531,12.044087141835433,Critical
93.3188541062763,-4.05123944186506,76.80084952221749,Healthy
69.51260523451542,45.72133266552044,43.07481808582186,Healthy
66.78521845093461,27.40375789765617,88.0902982884291,Healthy
28.519966107927168,46.38342641030947,55.28508219513837,Warning
24.941590945235337,-6.160535312365987,8.11951601761284,Critical
95.13628342716407,26.457280832479757,71.24074564840664,Healthy
30.236526177614117,78.8886029212267,19.446243221959914,Critical
74.17267698349376,48.62343948208985,79.57597321470291,Healthy
35.58431938587317,39.488996607028426,19.657750168589082,Critical
13.688929440050034,20.74827157094762,32.71145043685614,Critical
1.3111002768438063,24.356370333361447,80.98508490142807,Warning
54.45973083662828,29.992160915646675,98.54826634327006,Healthy
99.60618669584301,83.953541844457,41.557748972377226,Critical
36.267189232427434,99.10067696800306,83.10353528521544,Critical
37.40817094501905,38.25270187706578,15.312973854434004,Critical
33.97540148296487,33.39028451341641,82.09916933912532,Healthy
57.52446061659524,81.58549233772462,60.65834648565455,Warning
44.30862952260869,35.874263472045264,18.265793310370988,Critical
95.01363050727848,49.905325591230266,30.82363734503791,Healthy
51.608113945621625,18.28946324153775,20.308761737235905,Warning
50.134752307092235,71.64153736407673,39.25234694225715,Warning
11.138815543276637,45.87436909650599,20.78347651957686,Critical
93.9452883688655,79.5045092106616,64.21069809094146,Healthy
22.0229622336945,77.53318055239822,95.42423770776082,Warning
4.697587818468296,13.599701771059953,1.4583938284654372,Critical
67.49908495875742,71.65833744080786,54.40062935714018,Healthy
57.958140902506706,79.56100220918265,54.46083426853982,Healthy
42.075346556938065,25.97353902628775,87.86064212479609,Healthy
46.06515847519786,7.884136794457396,49.15582142839055,Healthy
78.24296704973855,-9.258010323396084,54.56494090020983,Healthy
25.808734105365318,36.267023364193086,45.79261758869448,Critical
78.49789895347138,29.440313944213802,23.737804107193575,Warning
64.42296074437702,47.51691686628568,6.470730080904285,Warning
40.2790386071195,12.731387095895453,42.482368693491296,Warning
48.612381476557886,86.37775761289569,5.623040251734558,Critical
18.94534582751122,19.362636440922206,53.360298804960976,Healthy
70.88208740216405,13.555499830936874,32.51388738792609,Healthy
50.965433763173884,43.21895186250623,52.78862828336184,Healthy
36.73958743801283,43.84685763684087,9.862445317483221,Critical
60.28253707820694,11.597744611460081,96.37172963894017,Healthy
95.5188028423396,19.22719391630791,90.51264841279296,Healthy
39.934728187584696,10.064107380061133,18.641780003141232,Critical
97.08810918639682,69.11824800121187,29.631271714896815,Warning
32.63827959606789,77.61121328621785,59.114696347792325,Warning
2.6443805751492966,42.38769579948164,15.624317867739409,Critical
24.856328318735468,69.86695412316317,30.931755925972993,Critical
44.90280534952939,67.73504001422779,24.35718084297553,Critical
25.78567178925729,4.6399909842483895,91.5026655846088,Healthy
0.0,94.15083791093063,86.21249399715518,Critical
86.92483685170964,79.9475084213596,53.49176131920714,Warning
84.78744059118102,11.10662848369427,52.557162456371216,Healthy
75.2346015479157,9.722944025951849,88.01426306712469,Healthy
17.875264975717357,5.945051478501803,93.53506468646806,Warning
16.47090942791561,6.17214173762269,94.9758187781373,Warning
1.55917367721357,74.31202675111986,9.940280610065333,Critical
74.98200403118543,38.46060204664662,18.560232552319782,Warning
89.59092093634658,76.23870839461672,66.96685113789702,Healthy
45.620788053886216,74.0214483413158,55.564580075707205,Warning
10.489197086040683,59.51999031534868,3.367071223457048,Critical
48.797366685539124,62.40414994426977,10.007364065817242,Critical
33.053482625015405,-8.683837590616744,85.18326500101743,Warning
33.145661832670086,26.363994496561943,89.6441265414979,Healthy
62.25434923507113,59.775883092912224,35.77647706691865,Warning
69.55379115423887,-10.792890464852585,87.9706879519447,Healthy
13.41925458001692,-9.47253455190674,55.919755882219334,Critical
5.479191323746391,81.81027500241582,82.41033728651877,Critical
100.0,61.86493144900044,39.97643355201977,Warning
24.371817342178417,19.307591556905884,12.893252495422303,Critical
6.945085792086129,67.4685327846153,49.15619858350302,Critical
23.18783234507544,74.64828408750175,48.66991092076778,Critical
2.012796546766333,24.262830624533247,59.268722359512246,Warning
34.71631482324807,-4.345346416197646,8.401256958767705,Critical
80.84046062251761,92.60028706195409,100.0,Warning
29.856544568128854,24.748393622684866,20.98103721528146,Critical
51.78015670661282,2.485417070642708,19.154791645985448,Critical
71.92517223298071,43.994961963717266,57.90410805425101,Healthy
57.38133600689276,74.21844822585301,51.897291320209405,Healthy
86.33190953212181,13.28753011641058,47.3161423358437,Healthy
88.25528828568045,19.817480367218053,80.23615483152459,Healthy
0.0,17.718284364738068,54.88966382352278,Critical
80.45340506508018,103.86533208015629,57.16853958613459,Warning
42.426730388014214,11.939074847134089,73.9502414388256,Healthy
91.25477456194197,56.329506186298985,2.0327144586360717,Warning
45.951075729077814,92.49462074911982,60.32990882709181,Critical
94.3231741119778,5.959565921260212,83.4544459236564,Healthy
79.89071632905227,97.09105682086961,2.8422379597402,Critical
30.307520826571583,91.7790230441337,41.19733598861631,Critical
49.63071071145644,87.91463911791296,86.65239480883619,Warning
100.0,9.6170872166575,32.65917915996884,Healthy
88.60721572569467,58.02072344543111,40.38242578067353,Healthy
5.027359324965481,73.91774821200404,95.97507339866256,Critical
69.46639708820474,100.85103664796496,21.580037149052824,Critical
32.81746742070774,12.707869222947535,7.111615639446417,Critical
2.9422123839164116,73.78975578784073,86.45045932791108,Critical
36.66175884998491,27.579563331043307,83.72728979444271,Healthy
23.17882429551868,11.28763615164431,50.56913494253291,Warning
79.8291235401983,33.6924763891382,51.36425841264461,Healthy
35.15308443473197,78.13144534697881,83.68174839855614,Warning
82.10199330031791,39.47769267271412,76.6771485184179,Healthy
0.0,48.7838909329819,23.54086297862345,Critical
30.14202527571568,98.5494886210247,2.374978816767615,Critical
30.224649929296532,34.77273920541316,49.24040372815883,Warning
22.106037198502932,58.794690366034565,84.2545281586826,Warning
3.695646321694909,31.9590195324857,91.54058781129554,Warning
20.46272774851807,33.902818753086436,97.05398921950409,Warning
55.12438298029312,66.8637904189327,87.65279362444585,Healthy
24.89040549117503,96.87561497131439,57.60790285940525,Critical
48.433967238522186,46.610766413761,46.031202897224006,Warning
36.62925119795891,77.91521190462426,79.85039777344949,Warning
86.4568841381054,-0.7669223478707741,74.17086318877956,Healthy
91.00940595677584,14.369167290248578,57.174911389365974,Healthy
54.48604747321252,44.58316113996136,10.708315143138663,Critical
27.97635905200345,-9.203793659938025,87.24274282951144,Warning
11.508027948497983,18.783202049469924,41.345563657539785,Critical
100.0,48.99839849797517,39.88008384869141,Healthy
6.40888053224869,-7.4082522818721115,62.21642012246448,Critical
26.059025818917604,18.015859911498822,67.87632358509012,Healthy
27.951429558118456,53.766090267976985,24.486663256007578,Critical
32.66077620329186,55.44356461966953,83.6746508288801,Healthy
20.421096074160513,93.6993708444981,29.10551219500583,Critical
77.29813555912153,60.28209009608245,16.06220489305648,Critical
14.729741588896218,34.370606701721236,41.7499688071323,Critical
59.18455943417561,91.77895133295159,74.81554474664699,Warning
8.053447561796581,78.49994126144234,94.81217233297177,Critical
5.605161693240808,10.01977264825058,78.16206230222572,Warning
95.25703653420743,2.256252085461541,100.0,Healthy
19.219500550411876,65.41837499842266,13.78185499810783,Critical
82.99444904267028,52.22554110275246,5.066602867539805,Warning
55.29732589743416,75.32347044142134,57.890235526543904,Healthy
11.113275908637153,69.08614835182506,28.87736619871976,Critical
93.71415706619318,61.64906271106352,79.54819832714098,Healthy
26.760972024653952,99.21604772977727,68.64794785518694,Critical
83.47188654369526,45.96779858468889,94.513453491352,Healthy
22.8308185462187,-0.1456178569754063,30.208609579597322,Critical
82.99311490129521,80.38706818485777,50.06192532478045,Critical
0.0,19.169553472023257,49.29340646895707,Critical
52.82705509741221,76.69325390004758,24.24572053980396,Critical
77.18362323645266,97.54513763400809,61.71920431209536,Warning
94.46010896806114,63.666806921155946,44.886482368606345,Warning
91.60215500712566,56.011011084037435,51.038483970688006,Healthy
78.69131035834216,43.49429998889719,39.68126734643493,Healthy
93.65921175336885,32.750688720446554,3.1557573452368715,Warning
22.602595201374978,29.548342569727357,49.39856607095345,Critical
32.49527942497422,64.69703464536272,33.08411925832714,Critical
27.31185982477458,73.85861309598377,1.5686118085903256,Critical
38.95496373431539,66.72237090896827,28.32578651891879,Critical
39.92417242522295,11.914006968842916,31.74311393386455,Critical
57.83954034407207,42.77663923009546,36.42234329702946,Healthy
19.468720732132994,75.32998953857943,11.273521870201987,Critical
69.70381878747328,42.69067903038503,49.0814849088238,Healthy
12.202800534920895,48.60555675720391,71.47550863371241,Warning
36.369833871717816,71.28779395896346,60.60374780394493,Warning
52.002475361685825,60.68759651930859,74.97556504566191,Healthy
77.8187450281743,34.391134148955004,48.464945305993254,Healthy
75.16654973867281,89.9499569832384,50.57601417865614,Warning
60.02015499569466,7.8502297806584975,77.83467118944253,Healthy
18.74338526043015,99.36268092393469,40.50554142231623,Critical
50.290899328720315,1.0999583783794602,75.31022323751274,Healthy
8.082146703877298,-8.309171018409522,41.48910577998045,Critical
38.46968102848173,90.54028118125609,41.40351513502556,Critical
44.4681721649422,17.256036145772285,74.67980736605797,Healthy
4.300777973878505,67.25233185617557,13.785703916319846,Critical
29.303698567834832,76.70864565391855,31.630441507416464,Critical
95.48044600130028,85.66608076797915,18.513902453670692,Critical
95.2667029301361,98.62673497261311,38.778638123801855,Critical
35.489137176298826,22.19520764419287,23.34011943044319,Critical
3.742837132275282,66.90129926196899,65.38859639518843,Critical
12.849783203573848,3.7008088352909296,77.69034808681276,Warning
36.91680886226413,34.14718662276273,76.08472538335333,Healthy
95.51229432025806,82.90365982092773,41.05137575994523,Critical
13.372543343252335,28.73993828317567,100.0,Warning
75.8841571202755,56.86387445520309,60.53973153589314,Healthy
9.898192929153062,44.9728132264769,36.59895563256466,Critical
95.53496256093223,62.27042908856447,88.78891672732634,Healthy
36.682351527984615,94.6311997045784,72.77109178495303,Critical
76.60295865673982,-0.4013258080885498,73.63550829692534,Healthy
34.27453770273873,55.690515002205714,23.042814184142,Critical
63.94702274929001,81.11357037821347,46.76554537309433,Critical
18.659957601346456,41.348223342199596,82.68580282556462,Warning
11.513136162618995,-0.40674076440721973,50.52470856137147,Critical
89.61216783705679,49.01987145354679,66.00122793739274,Healthy
99.55703941256903,26.264939826293595,49.765349875376934,Healthy
85.35744893049456,7.8968599591265445,81.59054819538781,Healthy
60.9874700128662,83.02434463722307,26.87287726355671,Critical
82.37782202916964,48.45362383609757,54.080592460757344,Healthy
7.986275519834534,91.27374555249357,14.04920639732251,Critical
35.04150126675263,74.17345242200136,66.68873439796043,Warning
30.042161267119095,68.19112793943354,74.63206243777458,Warning
64.28020640717996,-7.495565322610626,0.5837729097948969,Critical
35.77980833978664,42.067853514784154,70.30675312604612,Healthy
13.914284061744219,7.309117945854925,37.63956783657916,Critical
60.382936766668394,91.68943443406909,5.385096382795014,Critical
84.60448870716027,5.266874038232855,45.70254252533644,Healthy
38.145748775691345,24.97959224587204,16.855611558364654,Critical
13.180230048917446,47.82777811818693,46.82674038692988,Critical
22.87330283591026,17.06614039443621,40.127678499476986,Critical
26.63241159639484,14.645559449906202,76.2099536487495,Healthy
34.741568622344076,54.7948357458689,80.55797331803409,Warning
59.01081634719218,0.3830797021551633,61.04090347720187,Healthy
62.80990600328007,-3.189625108280113,2.640850471760371,Critical
71.41272629291045,34.43531874276245,96.94624797968233,Healthy
33.59324125989151,72.90294181603788,68.95740349673906,Warning
83.15452894199436,49.834212663587266,1.2350144517290542,Warning
23.562131358850024,38.63262276733775,83.64056560189846,Healthy
44.41659798435919,52.942352375844656,13.685685228644756,Critical
81.42155944121144,27.374299177846268,61.88079536179132,Healthy
20.629925800454977,91.58364013678805,50.68475440291399,Critical
7.77325268648383,0.7118301993844245,45.578378239876905,Critical
87.94153969146353,64.78877149549118,92.45068789957284,Healthy
35.19587140584682,90.0406522900876,43.4836031802381,Critical
65.99861797427434,78.00322933614389,7.214364603836006,Critical
0.0,9.164630000920456,90.97495245218269,Warning
68.59955503535664,22.60642740310067,97.2976468790959,Healthy
34.015050305408124,68.34306514728908,66.98821443908105,Warning
7.505287362320503,-3.716744352178988,47.80890874245814,Critical
58.39703796725268,77.29813606667618,10.048083143216461,Critical
26.036885262664384,70.49553293535139,75.05355431293515,Warning
36.17290487668848,69.49535003768287,2.313766370033279,Critical
3.227571834671055,1.0779604934908673,6.87685835211661,Critical
13.614894396352838,69.4235060307798,52.37711589110228,Critical
33.16663166434158,65.40609387183413,15.744513440734018,Critical
10.943831712439835,83.6946321130343,3.969273624644596,Critical
91.07791104651193,-7.621836441925419,42.98617555118969,Warning
0.0,-6.3173210214556095,15.997290783300786,Critical
47.216735478081844,32.54083657368098,17.387526014595856,Critical
12.651100530837533,8.338414781409828,6.74206129381397,Critical
27.56259649025737,48.59645733389467,17.5039658707818,Critical
91.56163394622266,91.41801760243636,72.34257158177935,Warning
15.52274694331938,36.494922229538766,81.14440857981742,Warning
92.53000859647877,82.74630046167321,47.9988334154443,Critical
18.064092946249446,-9.006514399106106,50.20268137897428,Warning
75.38813122114209,10.097401969680632,2.3734788240736924,Warning
54.696262009554154,-8.704350326847102,6.243127985786885,Critical
87.52158738609577,29.763839314657503,23.000592659935354,Warning
52.6650432376992,90.89985712055312,58.730571905776124,Warning
58.186471392398516,1.7037392242755045,77.37400113734658,Healthy
17.031862392802033,53.38102068579697,56.861216646929165,Critical
17.377714626951082,41.253642899565484,41.624629924596476,Critical
90.18530784733004,94.24432404299765,6.297392108516722,Critical
32.89265776291842,6.725488334524451,81.03319118805202,Healthy
38.58105472211071,12.700533126636477,34.28955380658268,Warning
71.8715960752152,-8.725700111932623,74.68510312131372,Healthy
33.86249950982027,36.36839946990244,45.50935512280917,Warning
98.77843061083982,19.551662482097374,70.27009266114867,Healthy
79.07728258035604,83.45195969167256,92.13506504700541,Warning
59.3528823375766,59.123809499285045,90.00022705523186,Healthy
88.21455967612599,60.20537690319052,50.99078938894374,Healthy
11.594589920752874,48.11859325466315,55.33842156892017,Critical
29.111042063718468,-0.6819827489562785,33.20072418410235,Critical
44.651779714325336,35.32109138315045,96.39102496338758,Healthy
20.84090359449373,101.33749337854404,42.5162750047569,Critical
77.26016711557699,85.18210221071331,18.049681927190814,Critical
88.88769171523532,87.00610652386364,38.58619468370985,Critical
45.6401922471089,80.32133046556214,11.791850661574417,Critical
35.21615990244252,2.2031692000395564,50.41750172666963,Warning
97.70823550583783,18.468144668347772,61.899665017137465,Healthy
43.715041872313925,-9.257065907124753,36.51355356201371,Warning
47.01536563218909,23.776973568645303,5.773788338749908,Critical
39.550965726795496,2.3054512604337902,91.51548475098465,Healthy
90.2146354595534,39.157202969366786,80.34188930975272,Healthy
55.66274309846349,61.590442435469484,82.28803117885104,Healthy
75.97704751452504,84.57959211595873,37.33705969221786,Critical
81.75973823324246,74.43966930807355,71.9737735341677,Healthy
31.092428811567473,92.57370139454358,50.245063082592026,Critical
41.67481864941727,-5.130396154287818,21.574434277847033,Critical
82.99308121890829,-9.754567312467977,8.717477505746812,Critical
38.861376081401566,62.47187876503804,37.599956270820606,Critical
76.73562564118546,25.232980992650365,15.419448572242313,Warning
88.83192868416955,17.5827170002408,100.0,Healthy
56.41975361808223,24.82498483556765,3.7828629449518143,Warning
69.75158834116174,19.728057626323324,44.65122917076698,Healthy
84.59434581265782,49.768171904697674,45.39948884563439,Healthy
84.5525846881164,37.41067975678334,29.618681643904864,Healthy
41.0090810461012,44.00513063457031,57.64666640519207,Healthy
6.735809098963805,62.99651472558714,18.767031336543614,Critical
40.35617887885092,32.84188345952318,81.61608997483513,Healthy
67.15127908845506,19.02032748728793,29.69918979235726,Healthy
48.168617867533705,10.295826206326492,62.09046443058499,Healthy
75.33430282897777,26.350718600664152,75.13735372494004,Healthy
39.89553538465663,69.6970216081608,88.45067874895902,Warning
65.33690394627256,72.59101559348667,85.10408495661335,Healthy
16.788591664954374,64.72857858465693,62.31290781226501,Critical
73.44554159288587,13.223083488451694,36.28941818836579,Healthy
52.38720246193975,53.47483322318135,49.174598144911414,Healthy
24.059082920512207,51.590375314629384,79.12591005443508,Healthy
27.97596449094407,45.152779502798545,86.26708754545294,Healthy
72.46545246778433,51.55421002355394,13.30469149545411,Warning
49.219457689532526,45.90440631070332,42.400543571854634,Warning
21.31164272018971,54.87755621661801,81.04267536729148,Healthy
97.61082457475526,68.094354818146,49.10459006890447,Warning
77.18194369337031,-0.3157109253289927,32.95057955975505,Healthy
98.4526956717662,70.09690550069857,41.663872904234154,Warning
42.791536198940044,1.271261383917682,61.246463821923,Healthy
43.28476391655403,-3.588453834191169,99.79932063840793,Healthy
88.29563412687601,96.60032025469796,50.92577983275812,Critical
54.638072332174374,96.84420138935866,15.715835408390088,Critical
67.21476807158128,-3.3181516221847462,16.89937369398703,Critical
31.64019863854406,37.777221673560625,0.10266479799274109,Critical
44.7158965581707,10.254945760654048,52.99385365900941,Healthy
12.491531760663964,41.30999171735646,56.65587858197316,Critical
18.598068008822235,83.37030987145718,19.926043962683856,Critical
1.584554797090264,92.99546409609891,71.62578406940412,Critical
0.4524997452993271,57.48792933579731,73.44837435216469,Critical
100.0,30.565387326714816,29.229039487384593,Warning
28.18742342763226,57.514140637633524,33.69273428610975,Critical
69.28396028599133,20.872772914811513,93.1824117660363,Healthy
79.73868286259173,91.79060376094708,38.10262453110723,Critical
55.68228573502968,84.26086566345396,69.57358763850253,Warning
18.941709202437632,50.65728347563487,40.914379955396775,Critical
74.59095993168985,26.101920907227534,76.68564319910189,Healthy
57.01881369605698,23.44611407936126,73.87919544495423,Healthy
71.17477766881154,-5.433062233068407,65.1404501066047,Healthy
75.61885387169075,79.64065695097048,82.35163115896461,Healthy
95.73072326500869,38.692866776459056,89.70399149701149,Healthy
61.94266450980192,26.58906351115998,62.62383927973071,Healthy
28.40107185259042,41.58536337506447,21.712457083098883,Critical
66.8142131090002,83.67188786826357,33.17059320496531,Critical
2.96716079947726,4.880380867767133,74.74781623230156,Warning
86.85597736980542,82.49532745662029,61.714155338304295,Warning
5.908901033213526,87.77077195917164,15.124930974646434,Critical
31.137120495105226,94.23425500824736,7.254981558699926,Critical
86.10673301722973,36.32254159662997,66.95168649785083,Healthy
60.52571056046552,16.707654462368176,21.65011259928088,Warning
